Year,Player,Pos,Age,Tm,G,GS,MP,FG,FGA,FG%,3P,3PA,3P%,2P,2PA,2P%,eFG%,FT,FTA,FT%,ORB,DRB,TRB,AST,STL,BLK,TOV,PF,PTS,PER
2021,Precious Achiuwa,PF,21.0,MIA,61.0,4.0,737.0,124.0,228.0,0.544,0.0,1.0,0.0,124.0,227.0,0.546,0.544,56.0,110.0,0.509,73.0,135.0,208.0,29.0,20.0,28.0,43.0,91.0,304.0,16.64
2021,Steven Adams,C,27.0,NOP,58.0,58.0,1605.0,189.0,308.0,0.614,0.0,3.0,0.0,189.0,305.0,0.62,0.614,60.0,135.0,0.444,213.0,301.0,514.0,111.0,54.0,38.0,78.0,113.0,438.0,17.29
2021,Bam Adebayo,C,23.0,MIA,64.0,64.0,2143.0,456.0,800.0,0.57,2.0,8.0,0.25,454.0,792.0,0.573,0.5710000000000001,283.0,354.0,0.799,142.0,431.0,573.0,346.0,75.0,66.0,169.0,145.0,1197.0,26.39
2021,LaMarcus Aldridge,C,35.0,TOT,26.0,23.0,674.0,140.0,296.0,0.473,31.0,80.0,0.38799999999999996,109.0,216.0,0.505,0.525,41.0,47.0,0.872,19.0,99.0,118.0,49.0,11.0,29.0,27.0,47.0,352.0,18.82
2021,Nickeil Alexander-Walker,SG,22.0,NOP,46.0,13.0,1007.0,192.0,458.0,0.419,76.0,219.0,0.34700000000000003,116.0,239.0,0.485,0.502,48.0,66.0,0.727,13.0,131.0,144.0,102.0,47.0,22.0,69.0,88.0,508.0,15.92
2021,Grayson Allen,SG,25.0,MEM,50.0,38.0,1259.0,173.0,414.0,0.418,107.0,274.0,0.391,66.0,140.0,0.47100000000000003,0.547,79.0,91.0,0.868,19.0,141.0,160.0,108.0,46.0,8.0,48.0,71.0,532.0,15.86
2021,Jarrett Allen,C,22.0,TOT,63.0,45.0,1864.0,298.0,482.0,0.618,6.0,19.0,0.316,292.0,463.0,0.631,0.624,204.0,290.0,0.703,196.0,435.0,631.0,106.0,32.0,90.0,100.0,96.0,806.0,22.8
2021,Al-Farouq Aminu,PF,30.0,TOT,23.0,14.0,434.0,38.0,99.0,0.384,8.0,37.0,0.21600000000000003,30.0,62.0,0.484,0.424,18.0,22.0,0.818,22.0,88.0,110.0,31.0,19.0,9.0,28.0,29.0,102.0,10.72
2021,Kyle Anderson,PF,27.0,MEM,69.0,69.0,1887.0,308.0,658.0,0.46799999999999997,94.0,261.0,0.36,214.0,397.0,0.539,0.54,144.0,184.0,0.7829999999999999,52.0,344.0,396.0,250.0,84.0,57.0,86.0,120.0,854.0,20.87
2021,Giannis Antetokounmpo,PF,26.0,MIL,61.0,61.0,2013.0,626.0,1100.0,0.569,67.0,221.0,0.303,559.0,879.0,0.636,0.6,398.0,581.0,0.685,97.0,574.0,671.0,357.0,72.0,73.0,207.0,168.0,1717.0,35.25
2021,Thanasis Antetokounmpo,SF,28.0,MIL,57.0,3.0,551.0,67.0,137.0,0.489,7.0,29.0,0.24100000000000002,60.0,108.0,0.556,0.515,25.0,49.0,0.51,54.0,70.0,124.0,46.0,22.0,10.0,43.0,74.0,166.0,12.33
2021,Carmelo Anthony,PF,36.0,POR,69.0,3.0,1690.0,327.0,777.0,0.42100000000000004,133.0,325.0,0.409,194.0,452.0,0.429,0.506,137.0,154.0,0.89,32.0,182.0,214.0,104.0,46.0,38.0,61.0,144.0,924.0,17.26
2021,Cole Anthony,PG,20.0,ORL,47.0,34.0,1273.0,219.0,552.0,0.397,58.0,172.0,0.337,161.0,380.0,0.424,0.449,109.0,131.0,0.8320000000000001,38.0,183.0,221.0,192.0,30.0,18.0,106.0,98.0,605.0,15.08
2021,OG Anunoby,SF,23.0,TOR,43.0,43.0,1433.0,249.0,519.0,0.48,104.0,261.0,0.39799999999999996,145.0,258.0,0.562,0.58,80.0,102.0,0.784,54.0,183.0,237.0,94.0,66.0,32.0,75.0,114.0,682.0,18.41
2021,Ryan Arcidiacono,PG,26.0,CHI,44.0,0.0,450.0,49.0,117.0,0.419,25.0,67.0,0.373,24.0,50.0,0.48,0.526,13.0,20.0,0.65,5.0,62.0,67.0,56.0,9.0,0.0,10.0,47.0,136.0,12.21
2021,Trevor Ariza,SF,35.0,MIA,30.0,27.0,841.0,99.0,241.0,0.41100000000000003,50.0,143.0,0.35,49.0,98.0,0.5,0.515,34.0,44.0,0.773,27.0,117.0,144.0,55.0,31.0,18.0,21.0,55.0,282.0,14.16
2021,D.J. Augustin,PG,33.0,TOT,57.0,12.0,1129.0,135.0,343.0,0.39399999999999996,83.0,217.0,0.382,52.0,126.0,0.413,0.515,85.0,94.0,0.904,20.0,74.0,94.0,188.0,28.0,1.0,65.0,56.0,438.0,15.07
2021,Deni Avdija,SF,20.0,WAS,54.0,32.0,1257.0,130.0,312.0,0.41700000000000004,53.0,168.0,0.315,77.0,144.0,0.535,0.502,29.0,45.0,0.644,22.0,240.0,262.0,63.0,32.0,15.0,33.0,140.0,342.0,9.96
2021,Deandre Ayton,C,22.0,PHO,69.0,69.0,2115.0,430.0,687.0,0.626,4.0,20.0,0.2,426.0,667.0,0.639,0.629,133.0,173.0,0.769,228.0,499.0,727.0,99.0,41.0,81.0,103.0,196.0,997.0,23.02
2021,Dwayne Bacon,SG,25.0,ORL,72.0,50.0,1853.0,292.0,726.0,0.402,59.0,207.0,0.285,233.0,519.0,0.449,0.44299999999999995,145.0,176.0,0.8240000000000001,31.0,193.0,224.0,93.0,45.0,5.0,46.0,103.0,788.0,12.39
2021,Marvin Bagley III,PF,21.0,SAC,43.0,42.0,1112.0,247.0,490.0,0.504,37.0,108.0,0.34299999999999997,210.0,382.0,0.55,0.542,77.0,134.0,0.575,106.0,212.0,318.0,43.0,21.0,21.0,59.0,100.0,608.0,19.69
2021,LaMelo Ball,PG,19.0,CHO,51.0,31.0,1469.0,293.0,672.0,0.436,92.0,261.0,0.35200000000000004,201.0,411.0,0.489,0.504,125.0,165.0,0.758,63.0,239.0,302.0,313.0,81.0,18.0,145.0,136.0,803.0,21.71
2021,Lonzo Ball,PG,23.0,NOP,55.0,55.0,1747.0,290.0,700.0,0.414,172.0,455.0,0.37799999999999995,118.0,245.0,0.48200000000000004,0.537,50.0,64.0,0.7809999999999999,33.0,230.0,263.0,316.0,82.0,31.0,123.0,103.0,802.0,18.71
2021,Mo Bamba,C,22.0,ORL,46.0,5.0,725.0,142.0,301.0,0.47200000000000003,38.0,118.0,0.322,104.0,183.0,0.568,0.535,45.0,66.0,0.682,76.0,189.0,265.0,35.0,14.0,58.0,36.0,87.0,367.0,22.33
2021,Desmond Bane,SG,22.0,MEM,68.0,17.0,1519.0,234.0,499.0,0.469,117.0,271.0,0.43200000000000005,117.0,228.0,0.513,0.586,40.0,49.0,0.816,31.0,179.0,210.0,118.0,41.0,16.0,59.0,125.0,625.0,15.09
2021,Harrison Barnes,PF,28.0,SAC,58.0,58.0,2102.0,319.0,642.0,0.49700000000000005,100.0,256.0,0.391,219.0,386.0,0.5670000000000001,0.575,195.0,235.0,0.83,64.0,321.0,385.0,201.0,43.0,11.0,93.0,75.0,933.0,18.51
2021,RJ Barrett,SG,20.0,NYK,72.0,72.0,2511.0,467.0,1060.0,0.441,124.0,309.0,0.401,343.0,751.0,0.457,0.499,206.0,276.0,0.746,68.0,346.0,414.0,217.0,53.0,20.0,139.0,188.0,1264.0,15.83
2021,Will Barton,SF,30.0,DEN,56.0,52.0,1736.0,259.0,608.0,0.426,98.0,257.0,0.381,161.0,351.0,0.45899999999999996,0.507,95.0,121.0,0.785,39.0,187.0,226.0,181.0,50.0,23.0,96.0,95.0,711.0,14.35
2021,Keita Bates-Diop,SF,25.0,SAS,30.0,0.0,245.0,30.0,67.0,0.44799999999999995,5.0,17.0,0.294,25.0,50.0,0.5,0.485,14.0,21.0,0.667,9.0,40.0,49.0,12.0,11.0,5.0,7.0,11.0,79.0,14.21
2021,Nicolas Batum,SF,32.0,LAC,67.0,38.0,1835.0,191.0,412.0,0.46399999999999997,110.0,272.0,0.40399999999999997,81.0,140.0,0.579,0.597,48.0,58.0,0.828,50.0,266.0,316.0,148.0,69.0,37.0,53.0,102.0,540.0,14.74
2021,Aron Baynes,C,34.0,TOR,53.0,31.0,980.0,134.0,304.0,0.441,27.0,103.0,0.262,107.0,201.0,0.532,0.485,29.0,41.0,0.7070000000000001,87.0,186.0,273.0,47.0,17.0,23.0,46.0,119.0,324.0,12.69
2021,Kent Bazemore,SF,31.0,GSW,67.0,18.0,1333.0,176.0,392.0,0.449,75.0,184.0,0.408,101.0,208.0,0.486,0.545,54.0,78.0,0.6920000000000001,26.0,203.0,229.0,108.0,69.0,33.0,82.0,158.0,481.0,13.66
2021,Darius Bazley,PF,20.0,OKC,55.0,55.0,1714.0,273.0,690.0,0.396,83.0,286.0,0.29,190.0,404.0,0.47,0.456,125.0,178.0,0.7020000000000001,51.0,345.0,396.0,99.0,29.0,25.0,122.0,60.0,754.0,12.63
2021,Bradley Beal,SG,27.0,WAS,60.0,60.0,2147.0,670.0,1382.0,0.485,130.0,373.0,0.349,540.0,1009.0,0.535,0.532,408.0,459.0,0.889,72.0,211.0,283.0,265.0,69.0,22.0,187.0,140.0,1878.0,28.73
2021,Malik Beasley,SG,24.0,MIN,37.0,36.0,1214.0,264.0,600.0,0.44,128.0,321.0,0.39899999999999997,136.0,279.0,0.48700000000000004,0.547,68.0,80.0,0.85,28.0,134.0,162.0,88.0,30.0,7.0,60.0,62.0,724.0,18.78
2021,DeAndre' Bembry,SF,26.0,TOR,51.0,12.0,972.0,117.0,228.0,0.513,14.0,53.0,0.264,103.0,175.0,0.589,0.544,45.0,66.0,0.682,33.0,113.0,146.0,107.0,53.0,18.0,71.0,87.0,293.0,13.39
2021,Dāvis Bertāns,PF,28.0,WAS,57.0,7.0,1464.0,193.0,478.0,0.40399999999999997,169.0,428.0,0.395,24.0,50.0,0.48,0.581,100.0,115.0,0.87,18.0,150.0,168.0,49.0,33.0,13.0,33.0,136.0,655.0,14.57
2021,Patrick Beverley,PG,32.0,LAC,37.0,34.0,832.0,93.0,220.0,0.423,56.0,141.0,0.397,37.0,79.0,0.46799999999999997,0.55,36.0,45.0,0.8,29.0,90.0,119.0,76.0,29.0,28.0,34.0,108.0,278.0,13.8
2021,Saddiq Bey,SF,21.0,DET,70.0,53.0,1909.0,279.0,691.0,0.40399999999999997,175.0,460.0,0.38,104.0,231.0,0.45,0.53,124.0,147.0,0.8440000000000001,43.0,275.0,318.0,95.0,52.0,14.0,60.0,110.0,857.0,15.44
2021,Khem Birch,C,28.0,TOT,67.0,22.0,1529.0,189.0,380.0,0.49700000000000005,13.0,52.0,0.25,176.0,328.0,0.537,0.514,91.0,129.0,0.705,174.0,213.0,387.0,89.0,48.0,50.0,44.0,113.0,482.0,17.13
2021,Goga Bitadze,C,21.0,IND,45.0,3.0,561.0,83.0,194.0,0.428,20.0,79.0,0.253,63.0,115.0,0.5479999999999999,0.479,45.0,61.0,0.738,60.0,90.0,150.0,37.0,9.0,60.0,17.0,94.0,231.0,19.37
2021,Bismack Biyombo,C,28.0,CHO,66.0,36.0,1349.0,142.0,242.0,0.5870000000000001,0.0,1.0,0.0,142.0,241.0,0.589,0.5870000000000001,47.0,105.0,0.44799999999999995,137.0,210.0,347.0,81.0,17.0,74.0,71.0,141.0,331.0,13.46
2021,Nemanja Bjelica,PF,32.0,TOT,37.0,3.0,595.0,89.0,196.0,0.45399999999999996,27.0,85.0,0.318,62.0,111.0,0.5589999999999999,0.523,37.0,51.0,0.725,29.0,98.0,127.0,69.0,15.0,5.0,33.0,68.0,242.0,15.68
2021,Eric Bledsoe,SG,31.0,NOP,71.0,70.0,2111.0,307.0,730.0,0.42100000000000004,121.0,355.0,0.341,186.0,375.0,0.496,0.503,134.0,195.0,0.687,29.0,215.0,244.0,268.0,55.0,24.0,114.0,112.0,869.0,14.47
2021,Bogdan Bogdanović,SG,28.0,ATL,44.0,27.0,1305.0,267.0,565.0,0.473,146.0,333.0,0.43799999999999994,121.0,232.0,0.522,0.602,40.0,44.0,0.909,20.0,140.0,160.0,147.0,49.0,13.0,54.0,99.0,720.0,20.76
2021,Bojan Bogdanović,SF,31.0,UTA,72.0,72.0,2216.0,406.0,925.0,0.439,180.0,461.0,0.39,226.0,464.0,0.48700000000000004,0.536,233.0,265.0,0.879,40.0,241.0,281.0,136.0,45.0,4.0,128.0,115.0,1225.0,17.0
2021,Bol Bol,PF,21.0,DEN,32.0,2.0,160.0,25.0,58.0,0.431,9.0,24.0,0.375,16.0,34.0,0.47100000000000003,0.509,10.0,15.0,0.667,0.0,24.0,24.0,7.0,3.0,10.0,13.0,14.0,69.0,11.85
2021,Isaac Bonga,SF,21.0,WAS,40.0,8.0,432.0,30.0,81.0,0.37,13.0,47.0,0.27699999999999997,17.0,34.0,0.5,0.451,5.0,8.0,0.625,18.0,48.0,66.0,23.0,11.0,9.0,22.0,63.0,78.0,5.35
2021,Devin Booker,SG,24.0,PHO,67.0,67.0,2270.0,623.0,1287.0,0.484,126.0,371.0,0.34,497.0,916.0,0.5429999999999999,0.5329999999999999,340.0,392.0,0.867,34.0,247.0,281.0,289.0,53.0,16.0,207.0,181.0,1712.0,23.4
2021,Chris Boucher,C,28.0,TOR,60.0,14.0,1453.0,288.0,560.0,0.514,90.0,235.0,0.38299999999999995,198.0,325.0,0.609,0.595,152.0,193.0,0.7879999999999999,117.0,287.0,404.0,63.0,35.0,111.0,46.0,166.0,818.0,25.42
2021,Avery Bradley,SG,30.0,TOT,27.0,6.0,602.0,64.0,171.0,0.374,33.0,101.0,0.327,31.0,70.0,0.44299999999999995,0.47100000000000003,12.0,15.0,0.8,8.0,49.0,57.0,46.0,21.0,3.0,28.0,55.0,173.0,8.21
2021,Tony Bradley,C,23.0,TOT,42.0,8.0,684.0,131.0,197.0,0.665,0.0,3.0,0.0,131.0,194.0,0.675,0.665,38.0,55.0,0.691,85.0,154.0,239.0,37.0,15.0,30.0,33.0,61.0,300.0,23.6
2021,Jarrell Brantley,PF,24.0,UTA,28.0,0.0,138.0,25.0,52.0,0.48100000000000004,12.0,28.0,0.429,13.0,24.0,0.542,0.596,2.0,2.0,1.0,9.0,18.0,27.0,15.0,7.0,2.0,8.0,17.0,64.0,19.38
2021,Mikal Bridges,SF,24.0,PHO,72.0,72.0,2348.0,363.0,669.0,0.5429999999999999,134.0,315.0,0.425,229.0,354.0,0.647,0.643,110.0,131.0,0.84,76.0,233.0,309.0,152.0,76.0,63.0,57.0,116.0,970.0,18.75
2021,Miles Bridges,PF,22.0,CHO,66.0,19.0,1932.0,313.0,622.0,0.503,116.0,290.0,0.4,197.0,332.0,0.593,0.596,98.0,113.0,0.867,81.0,316.0,397.0,147.0,44.0,52.0,106.0,143.0,840.0,17.72
2021,Oshae Brissett,SF,22.0,IND,21.0,16.0,519.0,73.0,151.0,0.483,33.0,78.0,0.423,40.0,73.0,0.5479999999999999,0.593,50.0,65.0,0.769,29.0,86.0,115.0,18.0,19.0,20.0,10.0,32.0,229.0,20.63
2021,Malcolm Brogdon,PG,28.0,IND,56.0,56.0,1930.0,444.0,980.0,0.45299999999999996,145.0,374.0,0.38799999999999996,299.0,606.0,0.493,0.527,153.0,177.0,0.8640000000000001,58.0,236.0,294.0,329.0,49.0,15.0,115.0,110.0,1186.0,22.6
2021,Armoni Brooks,SG,22.0,HOU,20.0,5.0,520.0,78.0,192.0,0.406,60.0,157.0,0.382,18.0,35.0,0.514,0.563,7.0,12.0,0.583,10.0,58.0,68.0,30.0,12.0,5.0,22.0,34.0,223.0,13.32
2021,Dillon Brooks,SF,25.0,MEM,67.0,67.0,1997.0,432.0,1031.0,0.419,128.0,372.0,0.344,304.0,659.0,0.461,0.48100000000000004,159.0,195.0,0.815,53.0,143.0,196.0,157.0,78.0,26.0,119.0,237.0,1151.0,15.7
2021,Bruce Brown,PG,24.0,BRK,65.0,37.0,1451.0,235.0,423.0,0.556,17.0,59.0,0.28800000000000003,218.0,364.0,0.599,0.5760000000000001,86.0,117.0,0.735,111.0,238.0,349.0,104.0,58.0,28.0,54.0,145.0,573.0,18.87
2021,Jaylen Brown,SG,24.0,BOS,58.0,58.0,1999.0,538.0,1111.0,0.484,163.0,411.0,0.397,375.0,700.0,0.536,0.5579999999999999,191.0,250.0,0.764,71.0,276.0,347.0,195.0,72.0,32.0,158.0,168.0,1430.0,23.66
2021,Moses Brown,C,21.0,OKC,43.0,32.0,920.0,146.0,268.0,0.545,0.0,0.0,0.0,146.0,268.0,0.545,0.545,78.0,126.0,0.619,154.0,229.0,383.0,10.0,31.0,47.0,43.0,93.0,370.0,21.52
2021,Sterling Brown,SG,25.0,HOU,51.0,14.0,1229.0,150.0,335.0,0.44799999999999995,91.0,215.0,0.423,59.0,120.0,0.49200000000000005,0.584,25.0,31.0,0.8059999999999999,38.0,186.0,224.0,72.0,38.0,12.0,41.0,97.0,416.0,13.64
2021,Troy Brown Jr.,SF,21.0,TOT,34.0,0.0,524.0,62.0,144.0,0.431,22.0,70.0,0.314,40.0,74.0,0.541,0.507,15.0,21.0,0.7140000000000001,20.0,85.0,105.0,29.0,10.0,6.0,21.0,49.0,161.0,10.83
2021,Jalen Brunson,PG,24.0,DAL,68.0,12.0,1697.0,328.0,627.0,0.523,81.0,200.0,0.405,247.0,427.0,0.578,0.588,120.0,151.0,0.795,27.0,204.0,231.0,239.0,35.0,1.0,80.0,109.0,857.0,19.88
2021,Reggie Bullock,SF,29.0,NYK,65.0,64.0,1949.0,248.0,561.0,0.442,163.0,398.0,0.41,85.0,163.0,0.521,0.5870000000000001,50.0,55.0,0.909,16.0,207.0,223.0,99.0,52.0,11.0,45.0,146.0,709.0,12.89
2021,Trey Burke,PG,28.0,DAL,62.0,1.0,911.0,151.0,353.0,0.428,58.0,164.0,0.354,93.0,189.0,0.49200000000000005,0.51,51.0,57.0,0.895,10.0,44.0,54.0,81.0,36.0,7.0,33.0,64.0,411.0,14.83
2021,Alec Burks,SG,29.0,NYK,49.0,5.0,1255.0,210.0,500.0,0.42,102.0,246.0,0.415,108.0,254.0,0.425,0.522,101.0,118.0,0.856,21.0,206.0,227.0,107.0,31.0,14.0,49.0,102.0,623.0,17.32
2021,Jimmy Butler,SF,31.0,MIA,52.0,52.0,1745.0,366.0,736.0,0.49700000000000005,25.0,102.0,0.245,341.0,634.0,0.5379999999999999,0.514,359.0,416.0,0.863,94.0,265.0,359.0,369.0,108.0,18.0,109.0,71.0,1116.0,30.78
2021,Devontae Cacok,PF,24.0,LAL,20.0,1.0,98.0,17.0,29.0,0.586,0.0,0.0,0.0,17.0,29.0,0.586,0.586,5.0,11.0,0.455,12.0,20.0,32.0,1.0,5.0,4.0,5.0,8.0,39.0,19.62
2021,Kentavious Caldwell-Pope,SG,27.0,LAL,67.0,67.0,1902.0,218.0,506.0,0.431,120.0,293.0,0.41,98.0,213.0,0.46,0.5489999999999999,97.0,112.0,0.866,27.0,152.0,179.0,127.0,62.0,26.0,66.0,114.0,653.0,12.85
2021,Facundo Campazzo,PG,29.0,DEN,65.0,19.0,1425.0,120.0,315.0,0.381,76.0,216.0,0.35200000000000004,44.0,99.0,0.444,0.502,80.0,91.0,0.879,22.0,112.0,134.0,232.0,79.0,14.0,73.0,132.0,396.0,13.53
2021,Vlatko Čančar,PF,23.0,DEN,41.0,1.0,281.0,33.0,72.0,0.45799999999999996,9.0,33.0,0.273,24.0,39.0,0.615,0.521,10.0,13.0,0.769,11.0,39.0,50.0,14.0,11.0,2.0,14.0,18.0,85.0,11.67
2021,Clint Capela,C,26.0,ATL,63.0,63.0,1898.0,413.0,695.0,0.594,0.0,0.0,0.0,413.0,695.0,0.594,0.594,130.0,227.0,0.573,297.0,606.0,903.0,49.0,44.0,129.0,73.0,145.0,956.0,27.3
2021,Jevon Carter,PG,25.0,PHO,60.0,1.0,717.0,94.0,223.0,0.42200000000000004,56.0,151.0,0.371,38.0,72.0,0.528,0.547,4.0,7.0,0.5710000000000001,16.0,76.0,92.0,71.0,29.0,9.0,16.0,56.0,248.0,14.43
2021,Wendell Carter Jr.,C,21.0,TOT,54.0,44.0,1375.0,230.0,457.0,0.503,15.0,51.0,0.294,215.0,406.0,0.53,0.52,131.0,179.0,0.732,132.0,311.0,443.0,104.0,35.0,42.0,78.0,146.0,606.0,19.63
2021,Michael Carter-Williams,SG,29.0,ORL,31.0,25.0,800.0,105.0,270.0,0.389,15.0,61.0,0.24600000000000002,90.0,209.0,0.431,0.41700000000000004,49.0,80.0,0.613,39.0,100.0,139.0,129.0,25.0,17.0,69.0,81.0,274.0,11.72
2021,Alex Caruso,PG,26.0,LAL,58.0,6.0,1216.0,133.0,305.0,0.436,55.0,137.0,0.401,78.0,168.0,0.46399999999999997,0.526,49.0,76.0,0.645,31.0,139.0,170.0,160.0,64.0,15.0,76.0,108.0,370.0,13.3
2021,Willie Cauley-Stein,C,27.0,DAL,53.0,16.0,906.0,115.0,182.0,0.632,1.0,11.0,0.091,114.0,171.0,0.667,0.635,49.0,78.0,0.628,66.0,170.0,236.0,35.0,21.0,43.0,29.0,129.0,280.0,15.85
2021,Chris Chiozza,PG,25.0,BRK,22.0,1.0,232.0,31.0,88.0,0.35200000000000004,13.0,42.0,0.31,18.0,46.0,0.391,0.426,13.0,17.0,0.765,3.0,21.0,24.0,65.0,7.0,6.0,16.0,19.0,88.0,16.1
2021,Gary Clark,SF-PF,26.0,TOT,39.0,11.0,654.0,40.0,132.0,0.303,31.0,108.0,0.287,9.0,24.0,0.375,0.42,8.0,10.0,0.8,33.0,82.0,115.0,31.0,13.0,7.0,17.0,35.0,119.0,7.34
2021,Brandon Clarke,PF,24.0,MEM,59.0,16.0,1415.0,256.0,495.0,0.517,20.0,77.0,0.26,236.0,418.0,0.565,0.537,78.0,113.0,0.69,97.0,231.0,328.0,95.0,60.0,51.0,33.0,84.0,610.0,20.58
2021,Jordan Clarkson,SG,28.0,UTA,68.0,1.0,1818.0,457.0,1075.0,0.425,208.0,599.0,0.34700000000000003,249.0,476.0,0.523,0.522,129.0,144.0,0.8959999999999999,47.0,227.0,274.0,168.0,61.0,10.0,115.0,110.0,1251.0,20.98
2021,Nicolas Claxton,C,21.0,BRK,32.0,1.0,594.0,90.0,145.0,0.621,1.0,5.0,0.2,89.0,140.0,0.636,0.624,31.0,64.0,0.484,43.0,123.0,166.0,28.0,23.0,40.0,18.0,68.0,212.0,19.45
2021,Amir Coffey,SG,23.0,LAC,44.0,1.0,394.0,45.0,103.0,0.43700000000000006,23.0,56.0,0.41100000000000003,22.0,47.0,0.46799999999999997,0.5489999999999999,27.0,38.0,0.711,10.0,34.0,44.0,22.0,10.0,0.0,15.0,30.0,140.0,11.92
2021,John Collins,PF,23.0,ATL,63.0,63.0,1848.0,429.0,771.0,0.556,83.0,208.0,0.39899999999999997,346.0,563.0,0.615,0.61,170.0,204.0,0.833,118.0,349.0,467.0,78.0,34.0,63.0,84.0,193.0,1111.0,23.78
2021,Mike Conley,PG,33.0,UTA,51.0,51.0,1498.0,284.0,640.0,0.444,138.0,335.0,0.41200000000000003,146.0,305.0,0.479,0.552,121.0,142.0,0.852,36.0,141.0,177.0,305.0,70.0,9.0,99.0,98.0,827.0,22.7
2021,Pat Connaughton,SG,28.0,MIL,69.0,4.0,1575.0,168.0,387.0,0.434,101.0,272.0,0.371,67.0,115.0,0.583,0.565,31.0,40.0,0.775,63.0,269.0,332.0,81.0,49.0,23.0,33.0,99.0,468.0,13.74
2021,Quinn Cook,PG,27.0,TOT,23.0,0.0,157.0,29.0,68.0,0.426,11.0,26.0,0.423,18.0,42.0,0.429,0.507,7.0,8.0,0.875,2.0,15.0,17.0,18.0,4.0,1.0,7.0,10.0,76.0,15.73
2021,Tyler Cook,SF-PF,23.0,TOT,32.0,1.0,438.0,69.0,103.0,0.67,1.0,2.0,0.5,68.0,101.0,0.6729999999999999,0.675,17.0,35.0,0.486,28.0,67.0,95.0,17.0,8.0,2.0,21.0,35.0,156.0,14.91
2021,DeMarcus Cousins,C,30.0,TOT,41.0,11.0,713.0,130.0,305.0,0.426,47.0,135.0,0.348,83.0,170.0,0.488,0.503,59.0,81.0,0.728,53.0,210.0,263.0,76.0,34.0,24.0,64.0,107.0,366.0,20.13
2021,Robert Covington,PF,30.0,POR,70.0,70.0,2243.0,204.0,509.0,0.401,135.0,356.0,0.379,69.0,153.0,0.451,0.5329999999999999,50.0,62.0,0.8059999999999999,61.0,405.0,466.0,117.0,101.0,84.0,64.0,195.0,593.0,12.93
2021,Torrey Craig,SF,30.0,TOT,50.0,8.0,803.0,109.0,227.0,0.48,39.0,106.0,0.368,70.0,121.0,0.579,0.5660000000000001,17.0,22.0,0.773,57.0,140.0,197.0,49.0,28.0,26.0,25.0,83.0,274.0,16.44
2021,Jae Crowder,PF,30.0,PHO,60.0,42.0,1648.0,199.0,492.0,0.40399999999999997,148.0,380.0,0.389,51.0,112.0,0.455,0.555,57.0,75.0,0.76,32.0,250.0,282.0,127.0,48.0,27.0,55.0,125.0,603.0,14.23
2021,Jarrett Culver,SG,21.0,MIN,34.0,7.0,499.0,69.0,168.0,0.41100000000000003,13.0,53.0,0.245,56.0,115.0,0.48700000000000004,0.449,29.0,48.0,0.604,34.0,70.0,104.0,24.0,17.0,9.0,28.0,58.0,180.0,11.33
2021,Seth Curry,SG,30.0,PHI,57.0,57.0,1638.0,258.0,552.0,0.467,126.0,280.0,0.45,132.0,272.0,0.485,0.5820000000000001,69.0,77.0,0.8959999999999999,10.0,126.0,136.0,155.0,44.0,8.0,65.0,96.0,711.0,15.5
2021,Stephen Curry,PG,32.0,GSW,63.0,63.0,2152.0,658.0,1365.0,0.48200000000000004,337.0,801.0,0.42100000000000004,321.0,564.0,0.569,0.605,362.0,395.0,0.9159999999999999,29.0,316.0,345.0,363.0,77.0,8.0,213.0,119.0,2015.0,33.4
2021,Anthony Davis,PF,27.0,LAL,36.0,36.0,1162.0,301.0,613.0,0.491,26.0,100.0,0.26,275.0,513.0,0.536,0.512,158.0,214.0,0.738,62.0,224.0,286.0,110.0,45.0,59.0,74.0,60.0,786.0,26.26
2021,Ed Davis,C,31.0,MIN,23.0,7.0,299.0,19.0,44.0,0.43200000000000005,0.0,0.0,0.0,19.0,44.0,0.43200000000000005,0.43200000000000005,10.0,12.0,0.833,46.0,69.0,115.0,21.0,13.0,13.0,7.0,56.0,48.0,15.04
2021,Terence Davis,SG,23.0,TOT,61.0,4.0,1074.0,195.0,456.0,0.428,98.0,267.0,0.36700000000000005,97.0,189.0,0.513,0.535,45.0,55.0,0.818,20.0,134.0,154.0,83.0,44.0,14.0,63.0,97.0,533.0,15.82
2021,DeMar DeRozan,PF,31.0,SAS,61.0,61.0,2056.0,455.0,920.0,0.495,19.0,74.0,0.257,436.0,846.0,0.515,0.505,387.0,440.0,0.88,40.0,219.0,259.0,422.0,56.0,15.0,119.0,128.0,1316.0,25.94
2021,Hamidou Diallo,SG-SF,22.0,TOT,52.0,9.0,1226.0,224.0,470.0,0.47700000000000004,28.0,82.0,0.341,196.0,388.0,0.505,0.506,128.0,200.0,0.64,59.0,213.0,272.0,101.0,41.0,24.0,76.0,134.0,604.0,17.38
2021,Gorgui Dieng,C,31.0,TOT,38.0,1.0,552.0,85.0,163.0,0.521,30.0,70.0,0.429,55.0,93.0,0.591,0.613,58.0,67.0,0.866,40.0,100.0,140.0,48.0,26.0,16.0,32.0,56.0,258.0,22.43
2021,Donte DiVincenzo,SG,24.0,MIL,66.0,66.0,1814.0,253.0,603.0,0.42,131.0,346.0,0.379,122.0,257.0,0.475,0.528,51.0,71.0,0.718,81.0,299.0,380.0,203.0,72.0,15.0,91.0,112.0,688.0,16.01
2021,Luka Dončić,PG,21.0,DAL,66.0,66.0,2262.0,647.0,1351.0,0.479,192.0,548.0,0.35,455.0,803.0,0.5670000000000001,0.55,344.0,471.0,0.73,54.0,473.0,527.0,567.0,64.0,36.0,281.0,152.0,1830.0,29.77
2021,Luguentz Dort,SG,21.0,OKC,52.0,52.0,1543.0,247.0,639.0,0.387,113.0,329.0,0.34299999999999997,134.0,310.0,0.43200000000000005,0.475,122.0,164.0,0.7440000000000001,38.0,151.0,189.0,88.0,45.0,19.0,79.0,134.0,729.0,12.93
2021,Damyean Dotson,SG,26.0,CLE,46.0,7.0,907.0,119.0,293.0,0.406,46.0,159.0,0.289,73.0,134.0,0.545,0.485,24.0,36.0,0.667,5.0,88.0,93.0,91.0,16.0,4.0,42.0,42.0,308.0,10.31
2021,Sekou Doumbouya,PF,20.0,DET,56.0,11.0,869.0,107.0,282.0,0.379,26.0,115.0,0.226,81.0,167.0,0.485,0.426,45.0,64.0,0.703,39.0,104.0,143.0,47.0,24.0,9.0,44.0,94.0,285.0,8.92
2021,PJ Dozier,SG,24.0,DEN,50.0,6.0,1088.0,148.0,355.0,0.41700000000000004,47.0,149.0,0.315,101.0,206.0,0.49,0.483,42.0,66.0,0.636,35.0,147.0,182.0,92.0,31.0,22.0,46.0,86.0,385.0,12.7
2021,Goran Dragić,PG,34.0,MIA,50.0,11.0,1337.0,240.0,555.0,0.43200000000000005,91.0,244.0,0.373,149.0,311.0,0.479,0.514,101.0,122.0,0.828,25.0,144.0,169.0,219.0,33.0,8.0,118.0,113.0,672.0,16.29
2021,Andre Drummond,C,27.0,TOT,46.0,46.0,1242.0,282.0,572.0,0.493,0.0,8.0,0.0,282.0,564.0,0.5,0.493,123.0,205.0,0.6,166.0,385.0,551.0,94.0,63.0,49.0,124.0,149.0,687.0,22.93
2021,Kevin Durant,PF,32.0,BRK,35.0,32.0,1157.0,324.0,603.0,0.537,85.0,189.0,0.45,239.0,414.0,0.5770000000000001,0.608,210.0,238.0,0.882,13.0,234.0,247.0,195.0,25.0,45.0,120.0,70.0,943.0,31.75
2021,Anthony Edwards,SG,19.0,MIN,72.0,55.0,2314.0,505.0,1211.0,0.41700000000000004,171.0,520.0,0.32899999999999996,334.0,691.0,0.483,0.488,211.0,272.0,0.7759999999999999,59.0,277.0,336.0,211.0,82.0,36.0,160.0,129.0,1392.0,18.12
2021,Carsen Edwards,SG,22.0,BOS,31.0,1.0,276.0,47.0,111.0,0.423,18.0,63.0,0.28600000000000003,29.0,48.0,0.604,0.505,11.0,13.0,0.846,3.0,23.0,26.0,14.0,7.0,1.0,7.0,25.0,123.0,12.64
2021,CJ Elleby,SF,20.0,POR,30.0,0.0,192.0,25.0,66.0,0.379,7.0,34.0,0.20600000000000002,18.0,32.0,0.563,0.43200000000000005,11.0,15.0,0.733,11.0,21.0,32.0,10.0,6.0,3.0,5.0,27.0,68.0,11.11
2021,Wayne Ellington,SG,33.0,DET,46.0,31.0,1012.0,149.0,338.0,0.441,116.0,275.0,0.42200000000000004,33.0,63.0,0.524,0.612,28.0,35.0,0.8,12.0,73.0,85.0,67.0,18.0,9.0,33.0,59.0,442.0,14.79
2021,Joel Embiid,C,26.0,PHI,51.0,51.0,1585.0,461.0,899.0,0.513,58.0,154.0,0.377,403.0,745.0,0.541,0.545,471.0,548.0,0.8590000000000001,113.0,426.0,539.0,145.0,50.0,69.0,159.0,123.0,1451.0,35.58
2021,James Ennis,SF,30.0,ORL,41.0,37.0,986.0,115.0,243.0,0.473,45.0,104.0,0.433,70.0,139.0,0.504,0.5660000000000001,70.0,87.0,0.805,43.0,123.0,166.0,62.0,32.0,7.0,36.0,84.0,345.0,14.59
2021,Drew Eubanks,C,23.0,SAS,54.0,3.0,755.0,116.0,205.0,0.5660000000000001,2.0,2.0,1.0,114.0,203.0,0.562,0.5710000000000001,77.0,106.0,0.726,74.0,167.0,241.0,42.0,18.0,49.0,45.0,88.0,311.0,20.36
2021,Derrick Favors,C,29.0,UTA,68.0,0.0,1039.0,155.0,243.0,0.638,0.0,2.0,0.0,155.0,241.0,0.643,0.638,59.0,80.0,0.738,138.0,238.0,376.0,44.0,32.0,68.0,36.0,143.0,369.0,21.79
2021,Bruno Fernando,C,22.0,ATL,33.0,0.0,226.0,18.0,44.0,0.409,0.0,2.0,0.0,18.0,42.0,0.429,0.409,15.0,22.0,0.682,16.0,62.0,78.0,10.0,4.0,3.0,21.0,23.0,51.0,7.88
2021,Dorian Finney-Smith,PF,27.0,DAL,60.0,60.0,1921.0,220.0,466.0,0.47200000000000003,119.0,302.0,0.39399999999999996,101.0,164.0,0.616,0.6,31.0,41.0,0.7559999999999999,98.0,228.0,326.0,102.0,52.0,25.0,48.0,138.0,590.0,13.65
2021,Malachi Flynn,PG,22.0,TOR,47.0,14.0,928.0,127.0,340.0,0.374,54.0,168.0,0.321,73.0,172.0,0.424,0.45299999999999996,45.0,56.0,0.804,10.0,106.0,116.0,137.0,38.0,7.0,43.0,68.0,353.0,13.78
2021,Bryn Forbes,SG,27.0,MIL,70.0,10.0,1354.0,250.0,529.0,0.473,154.0,341.0,0.452,96.0,188.0,0.511,0.618,47.0,61.0,0.77,11.0,101.0,112.0,45.0,24.0,1.0,44.0,77.0,701.0,15.92
2021,Trent Forrest,PG,22.0,UTA,30.0,0.0,302.0,32.0,71.0,0.451,5.0,26.0,0.192,27.0,45.0,0.6,0.486,19.0,19.0,1.0,11.0,33.0,44.0,45.0,9.0,4.0,21.0,22.0,88.0,13.17
2021,Evan Fournier,SF-SG,28.0,TOT,42.0,36.0,1259.0,247.0,541.0,0.457,117.0,283.0,0.413,130.0,258.0,0.504,0.565,108.0,137.0,0.7879999999999999,10.0,118.0,128.0,144.0,47.0,19.0,73.0,96.0,719.0,19.89
2021,De'Aaron Fox,PG,23.0,SAC,58.0,58.0,2036.0,529.0,1110.0,0.47700000000000004,103.0,320.0,0.322,426.0,790.0,0.539,0.523,300.0,417.0,0.7190000000000001,33.0,170.0,203.0,417.0,87.0,27.0,174.0,170.0,1461.0,25.25
2021,Wenyen Gabriel,PF,23.0,NOP,21.0,0.0,241.0,24.0,60.0,0.4,13.0,32.0,0.406,11.0,28.0,0.39299999999999996,0.508,11.0,17.0,0.647,20.0,34.0,54.0,11.0,9.0,8.0,15.0,32.0,72.0,11.72
2021,Daniel Gafford,PF-C,22.0,TOT,54.0,11.0,791.0,154.0,225.0,0.684,0.0,0.0,0.0,154.0,225.0,0.684,0.684,72.0,108.0,0.667,94.0,137.0,231.0,29.0,26.0,75.0,41.0,98.0,380.0,25.6
2021,Danilo Gallinari,PF,32.0,ATL,51.0,4.0,1222.0,206.0,475.0,0.434,103.0,254.0,0.406,103.0,221.0,0.466,0.542,161.0,174.0,0.925,17.0,194.0,211.0,76.0,30.0,10.0,43.0,105.0,676.0,19.48
2021,Langston Galloway,SG,29.0,PHO,40.0,0.0,438.0,66.0,147.0,0.449,36.0,85.0,0.424,30.0,62.0,0.484,0.5710000000000001,22.0,23.0,0.9570000000000001,7.0,35.0,42.0,26.0,8.0,0.0,13.0,25.0,190.0,14.52
2021,Darius Garland,PG,21.0,CLE,54.0,50.0,1790.0,362.0,802.0,0.451,105.0,266.0,0.395,257.0,536.0,0.479,0.517,112.0,132.0,0.848,23.0,106.0,129.0,329.0,66.0,6.0,164.0,110.0,941.0,17.36
2021,Marc Gasol,C,36.0,LAL,52.0,42.0,993.0,88.0,194.0,0.45399999999999996,50.0,122.0,0.41,38.0,72.0,0.528,0.5820000000000001,36.0,50.0,0.72,38.0,177.0,215.0,109.0,26.0,58.0,53.0,115.0,262.0,14.21
2021,Rudy Gay,PF,34.0,SAS,63.0,1.0,1358.0,264.0,628.0,0.42,106.0,278.0,0.381,158.0,350.0,0.451,0.505,82.0,102.0,0.804,42.0,261.0,303.0,88.0,45.0,40.0,65.0,115.0,716.0,17.96
2021,Paul George,SF,30.0,LAC,54.0,54.0,1821.0,445.0,953.0,0.467,171.0,416.0,0.41100000000000003,274.0,537.0,0.51,0.557,198.0,228.0,0.868,45.0,314.0,359.0,280.0,62.0,24.0,179.0,132.0,1259.0,24.33
2021,Taj Gibson,PF,35.0,NYK,45.0,3.0,936.0,99.0,158.0,0.627,3.0,15.0,0.2,96.0,143.0,0.6709999999999999,0.636,40.0,55.0,0.727,99.0,151.0,250.0,36.0,31.0,49.0,22.0,99.0,241.0,17.07
2021,Harry Giles,C,22.0,POR,38.0,0.0,348.0,42.0,97.0,0.433,8.0,23.0,0.348,34.0,74.0,0.45899999999999996,0.474,16.0,27.0,0.593,31.0,102.0,133.0,29.0,8.0,13.0,20.0,54.0,108.0,14.52
2021,Shai Gilgeous-Alexander,SG,22.0,OKC,35.0,35.0,1180.0,287.0,565.0,0.508,71.0,170.0,0.418,216.0,395.0,0.547,0.5710000000000001,185.0,229.0,0.8079999999999999,19.0,147.0,166.0,207.0,27.0,23.0,106.0,70.0,830.0,26.05
2021,Anthony Gill,PF,28.0,WAS,26.0,4.0,218.0,30.0,60.0,0.5,7.0,24.0,0.292,23.0,36.0,0.639,0.5579999999999999,13.0,16.0,0.813,16.0,35.0,51.0,11.0,10.0,4.0,8.0,27.0,80.0,16.68
2021,Freddie Gillespie,PF,23.0,TOR,20.0,2.0,392.0,44.0,84.0,0.524,0.0,0.0,0.0,44.0,84.0,0.524,0.524,23.0,33.0,0.6970000000000001,42.0,55.0,97.0,9.0,13.0,20.0,12.0,43.0,111.0,15.19
2021,Rudy Gobert,C,28.0,UTA,71.0,71.0,2187.0,391.0,579.0,0.675,0.0,4.0,0.0,391.0,575.0,0.68,0.675,233.0,374.0,0.623,240.0,720.0,960.0,89.0,40.0,190.0,118.0,163.0,1015.0,26.44
2021,Brandon Goodwin,PG,25.0,ATL,47.0,5.0,620.0,84.0,223.0,0.377,32.0,103.0,0.311,52.0,120.0,0.433,0.44799999999999995,28.0,43.0,0.6509999999999999,8.0,61.0,69.0,95.0,17.0,0.0,36.0,41.0,228.0,11.63
2021,Aaron Gordon,PF,25.0,TOT,50.0,50.0,1384.0,231.0,499.0,0.46299999999999997,59.0,176.0,0.335,172.0,323.0,0.5329999999999999,0.522,97.0,149.0,0.6509999999999999,77.0,207.0,284.0,161.0,33.0,34.0,97.0,89.0,618.0,17.26
2021,Eric Gordon,SG,32.0,HOU,27.0,13.0,789.0,159.0,367.0,0.433,69.0,210.0,0.32899999999999996,90.0,157.0,0.573,0.527,94.0,114.0,0.825,8.0,50.0,58.0,71.0,14.0,13.0,51.0,44.0,481.0,18.19
2021,Devonte' Graham,PG,25.0,CHO,55.0,44.0,1659.0,252.0,669.0,0.377,179.0,477.0,0.375,73.0,192.0,0.38,0.51,133.0,158.0,0.8420000000000001,22.0,126.0,148.0,295.0,48.0,6.0,84.0,77.0,816.0,18.21
2021,Jerami Grant,SF,26.0,DET,54.0,54.0,1829.0,400.0,932.0,0.429,115.0,329.0,0.35,285.0,603.0,0.473,0.491,290.0,343.0,0.845,35.0,215.0,250.0,152.0,35.0,58.0,109.0,125.0,1205.0,20.74
2021,Danny Green,SF,33.0,PHI,69.0,69.0,1934.0,224.0,544.0,0.41200000000000003,175.0,432.0,0.405,49.0,112.0,0.43799999999999994,0.573,31.0,40.0,0.775,55.0,205.0,260.0,118.0,92.0,56.0,67.0,125.0,654.0,14.32
2021,Draymond Green,PF,30.0,GSW,63.0,63.0,1982.0,170.0,380.0,0.447,34.0,126.0,0.27,136.0,254.0,0.535,0.49200000000000005,70.0,88.0,0.795,55.0,394.0,449.0,558.0,105.0,52.0,188.0,194.0,444.0,16.44
2021,JaMychal Green,PF,30.0,DEN,58.0,5.0,1120.0,173.0,374.0,0.46299999999999997,79.0,198.0,0.39899999999999997,94.0,176.0,0.534,0.568,46.0,57.0,0.807,85.0,192.0,277.0,53.0,26.0,22.0,53.0,144.0,471.0,16.01
2021,Javonte Green,SG-PG,27.0,TOT,41.0,2.0,473.0,53.0,102.0,0.52,10.0,30.0,0.33299999999999996,43.0,72.0,0.597,0.569,30.0,40.0,0.75,26.0,45.0,71.0,17.0,28.0,6.0,19.0,45.0,146.0,13.9
2021,Jeff Green,C,34.0,BRK,68.0,38.0,1835.0,261.0,530.0,0.49200000000000005,103.0,250.0,0.41200000000000003,158.0,280.0,0.564,0.59,125.0,161.0,0.7759999999999999,34.0,229.0,263.0,108.0,36.0,27.0,54.0,122.0,750.0,15.68
2021,Josh Green,SG,20.0,DAL,39.0,5.0,445.0,42.0,93.0,0.452,4.0,25.0,0.16,38.0,68.0,0.5589999999999999,0.473,13.0,23.0,0.565,28.0,50.0,78.0,28.0,16.0,3.0,17.0,35.0,101.0,10.09
2021,Blake Griffin,PF,31.0,TOT,46.0,30.0,1186.0,174.0,411.0,0.423,70.0,205.0,0.341,104.0,206.0,0.505,0.509,87.0,117.0,0.7440000000000001,35.0,190.0,225.0,140.0,32.0,15.0,62.0,111.0,505.0,15.89
2021,Kyle Guy,PG,23.0,SAC,31.0,0.0,235.0,29.0,88.0,0.33,13.0,46.0,0.28300000000000003,16.0,42.0,0.381,0.40299999999999997,16.0,20.0,0.8,5.0,30.0,35.0,32.0,6.0,0.0,11.0,20.0,87.0,11.3
2021,Rui Hachimura,PF,22.0,WAS,57.0,57.0,1797.0,310.0,648.0,0.478,45.0,137.0,0.32799999999999996,265.0,511.0,0.519,0.513,124.0,161.0,0.77,49.0,263.0,312.0,82.0,44.0,7.0,68.0,120.0,789.0,14.65
2021,Tyrese Haliburton,PG,20.0,SAC,58.0,20.0,1746.0,292.0,619.0,0.47200000000000003,121.0,296.0,0.409,171.0,323.0,0.529,0.569,48.0,56.0,0.857,39.0,134.0,173.0,309.0,77.0,28.0,92.0,83.0,753.0,19.3
2021,Josh Hall,SF,20.0,OKC,21.0,1.0,336.0,30.0,99.0,0.303,4.0,37.0,0.10800000000000001,26.0,62.0,0.419,0.32299999999999995,22.0,44.0,0.5,6.0,53.0,59.0,28.0,4.0,1.0,25.0,37.0,86.0,2.76
2021,R.J. Hampton,SG-PG,19.0,TOT,51.0,1.0,888.0,136.0,313.0,0.435,27.0,87.0,0.31,109.0,226.0,0.48200000000000004,0.478,55.0,82.0,0.6709999999999999,29.0,150.0,179.0,87.0,21.0,10.0,53.0,61.0,354.0,13.69
2021,Tim Hardaway Jr.,SG,28.0,DAL,70.0,31.0,1985.0,407.0,911.0,0.447,207.0,529.0,0.391,200.0,382.0,0.524,0.56,142.0,174.0,0.816,20.0,209.0,229.0,126.0,31.0,11.0,64.0,111.0,1163.0,18.59
2021,James Harden,PG-SG,31.0,TOT,44.0,43.0,1609.0,342.0,734.0,0.466,121.0,334.0,0.36200000000000004,221.0,400.0,0.5529999999999999,0.5479999999999999,278.0,323.0,0.861,35.0,313.0,348.0,475.0,53.0,33.0,177.0,99.0,1083.0,29.68
2021,Maurice Harkless,PF-SF,27.0,TOT,37.0,23.0,772.0,69.0,165.0,0.418,23.0,84.0,0.27399999999999997,46.0,81.0,0.568,0.488,33.0,43.0,0.767,13.0,76.0,89.0,44.0,30.0,20.0,22.0,86.0,194.0,9.83
2021,Montrezl Harrell,C,27.0,LAL,69.0,1.0,1580.0,375.0,603.0,0.622,0.0,10.0,0.0,375.0,593.0,0.632,0.622,181.0,256.0,0.7070000000000001,158.0,270.0,428.0,73.0,46.0,49.0,74.0,128.0,931.0,26.05
2021,Gary Harris,SG,26.0,TOT,39.0,38.0,1080.0,138.0,345.0,0.4,48.0,141.0,0.34,90.0,204.0,0.441,0.47,64.0,78.0,0.821,21.0,58.0,79.0,78.0,28.0,11.0,37.0,71.0,388.0,11.16
2021,Joe Harris,SF,29.0,BRK,69.0,65.0,2141.0,357.0,707.0,0.505,211.0,444.0,0.475,146.0,263.0,0.555,0.654,49.0,63.0,0.778,43.0,205.0,248.0,130.0,46.0,14.0,62.0,141.0,974.0,16.98
2021,Tobias Harris,PF,28.0,PHI,62.0,62.0,2014.0,473.0,924.0,0.512,82.0,208.0,0.39399999999999996,391.0,716.0,0.546,0.556,182.0,204.0,0.892,62.0,357.0,419.0,220.0,55.0,51.0,107.0,119.0,1210.0,23.71
2021,Shaquille Harrison,SG,27.0,TOT,34.0,0.0,333.0,26.0,78.0,0.33299999999999996,3.0,16.0,0.188,23.0,62.0,0.371,0.353,18.0,22.0,0.818,7.0,41.0,48.0,25.0,17.0,5.0,11.0,33.0,73.0,8.44
2021,Josh Hart,SF,25.0,NOP,47.0,4.0,1349.0,151.0,344.0,0.439,63.0,193.0,0.326,88.0,151.0,0.583,0.531,69.0,89.0,0.775,53.0,324.0,377.0,109.0,38.0,12.0,49.0,111.0,434.0,14.89
2021,Isaiah Hartenstein,C,22.0,TOT,46.0,2.0,559.0,94.0,171.0,0.55,2.0,6.0,0.33299999999999996,92.0,165.0,0.5579999999999999,0.556,46.0,71.0,0.648,65.0,116.0,181.0,55.0,19.0,39.0,44.0,104.0,236.0,20.34
2021,Jaxson Hayes,C,20.0,NOP,60.0,3.0,964.0,175.0,280.0,0.625,6.0,14.0,0.429,169.0,266.0,0.635,0.636,93.0,120.0,0.775,92.0,165.0,257.0,35.0,25.0,38.0,39.0,101.0,449.0,22.08
2021,Killian Hayes,PG,19.0,DET,26.0,18.0,670.0,71.0,201.0,0.353,20.0,72.0,0.278,51.0,129.0,0.395,0.40299999999999997,14.0,17.0,0.8240000000000001,6.0,63.0,69.0,138.0,27.0,10.0,83.0,57.0,176.0,7.43
2021,Gordon Hayward,SF,30.0,CHO,44.0,44.0,1496.0,311.0,658.0,0.473,85.0,205.0,0.415,226.0,453.0,0.499,0.537,156.0,185.0,0.843,37.0,221.0,258.0,181.0,52.0,14.0,91.0,74.0,863.0,21.66
2021,Juan Hernangómez,PF,25.0,MIN,52.0,6.0,900.0,130.0,299.0,0.435,55.0,168.0,0.327,75.0,131.0,0.573,0.527,60.0,97.0,0.619,45.0,160.0,205.0,35.0,19.0,7.0,27.0,52.0,375.0,15.27
2021,Willy Hernangómez,C,26.0,NOP,47.0,12.0,846.0,151.0,268.0,0.563,1.0,10.0,0.1,150.0,258.0,0.581,0.565,62.0,93.0,0.667,117.0,217.0,334.0,50.0,22.0,23.0,34.0,68.0,365.0,22.83
2021,Tyler Herro,SG,21.0,MIA,54.0,15.0,1635.0,307.0,699.0,0.439,107.0,297.0,0.36,200.0,402.0,0.498,0.516,94.0,117.0,0.8029999999999999,25.0,243.0,268.0,184.0,35.0,17.0,101.0,71.0,815.0,16.71
2021,Buddy Hield,SG,28.0,SAC,71.0,71.0,2433.0,403.0,992.0,0.406,282.0,721.0,0.391,121.0,271.0,0.446,0.5479999999999999,88.0,104.0,0.846,29.0,305.0,334.0,257.0,63.0,30.0,130.0,175.0,1176.0,16.04
2021,George Hill,PG,34.0,TOT,30.0,17.0,672.0,95.0,197.0,0.48200000000000004,31.0,80.0,0.38799999999999996,64.0,117.0,0.547,0.561,40.0,50.0,0.8,16.0,45.0,61.0,73.0,23.0,5.0,31.0,31.0,261.0,15.62
2021,Solomon Hill,PF,29.0,ATL,71.0,16.0,1513.0,107.0,298.0,0.359,68.0,212.0,0.321,39.0,86.0,0.45299999999999996,0.473,35.0,46.0,0.7609999999999999,42.0,172.0,214.0,75.0,50.0,11.0,42.0,116.0,317.0,8.12
2021,Nate Hinton,SG,21.0,DAL,21.0,0.0,93.0,15.0,42.0,0.35700000000000004,4.0,19.0,0.21100000000000002,11.0,23.0,0.478,0.405,7.0,10.0,0.7,1.0,8.0,9.0,8.0,7.0,2.0,5.0,8.0,41.0,12.78
2021,Aaron Holiday,PG,24.0,IND,66.0,8.0,1176.0,170.0,436.0,0.39,67.0,182.0,0.368,103.0,254.0,0.406,0.467,68.0,83.0,0.8190000000000001,15.0,74.0,89.0,123.0,46.0,13.0,66.0,94.0,475.0,12.15
2021,Jrue Holiday,PG,30.0,MIL,59.0,56.0,1907.0,414.0,823.0,0.503,111.0,283.0,0.392,303.0,540.0,0.561,0.57,107.0,136.0,0.787,73.0,195.0,268.0,357.0,96.0,37.0,127.0,98.0,1046.0,24.08
2021,Justin Holiday,SG,31.0,IND,72.0,52.0,2183.0,258.0,625.0,0.413,173.0,453.0,0.382,85.0,172.0,0.494,0.551,67.0,85.0,0.7879999999999999,32.0,224.0,256.0,119.0,74.0,41.0,54.0,135.0,756.0,13.08
2021,Richaun Holmes,C,27.0,SAC,61.0,61.0,1782.0,366.0,575.0,0.637,2.0,11.0,0.182,364.0,564.0,0.645,0.638,135.0,170.0,0.794,144.0,360.0,504.0,101.0,39.0,96.0,75.0,213.0,869.0,23.33
2021,Rodney Hood,SF,28.0,TOT,55.0,5.0,942.0,94.0,260.0,0.36200000000000004,34.0,113.0,0.301,60.0,147.0,0.408,0.42700000000000005,24.0,28.0,0.857,23.0,80.0,103.0,53.0,24.0,7.0,36.0,74.0,246.0,7.06
2021,Al Horford,C,34.0,OKC,28.0,28.0,782.0,162.0,360.0,0.45,56.0,152.0,0.368,106.0,208.0,0.51,0.528,18.0,22.0,0.818,29.0,159.0,188.0,94.0,25.0,26.0,29.0,48.0,398.0,21.14
2021,Talen Horton-Tucker,SG,20.0,LAL,65.0,4.0,1304.0,224.0,489.0,0.45799999999999996,37.0,131.0,0.282,187.0,358.0,0.522,0.496,100.0,129.0,0.775,25.0,144.0,169.0,181.0,63.0,21.0,105.0,127.0,585.0,15.82
2021,Danuel House,SF,27.0,HOU,36.0,23.0,932.0,110.0,272.0,0.40399999999999997,54.0,156.0,0.34600000000000003,56.0,116.0,0.483,0.504,41.0,63.0,0.6509999999999999,18.0,114.0,132.0,69.0,20.0,16.0,36.0,67.0,315.0,11.55
2021,Dwight Howard,C,35.0,PHI,69.0,6.0,1196.0,178.0,303.0,0.5870000000000001,5.0,20.0,0.25,173.0,283.0,0.611,0.596,121.0,210.0,0.5760000000000001,190.0,390.0,580.0,61.0,30.0,62.0,112.0,200.0,482.0,20.41
2021,Markus Howard,SG,21.0,DEN,37.0,1.0,205.0,40.0,106.0,0.377,18.0,65.0,0.27699999999999997,22.0,41.0,0.537,0.462,7.0,9.0,0.778,1.0,20.0,21.0,18.0,4.0,1.0,18.0,23.0,105.0,9.35
2021,Kevin Huerter,SG,22.0,ATL,69.0,49.0,2126.0,316.0,731.0,0.43200000000000005,140.0,386.0,0.363,176.0,345.0,0.51,0.528,50.0,64.0,0.7809999999999999,38.0,193.0,231.0,241.0,82.0,18.0,79.0,165.0,822.0,14.54
2021,De'Andre Hunter,SF,23.0,ATL,23.0,19.0,678.0,120.0,248.0,0.484,31.0,95.0,0.326,89.0,153.0,0.5820000000000001,0.546,73.0,85.0,0.8590000000000001,17.0,93.0,110.0,44.0,19.0,12.0,29.0,59.0,344.0,18.52
2021,Chandler Hutchison,SF,24.0,TOT,25.0,1.0,346.0,39.0,103.0,0.379,8.0,22.0,0.364,31.0,81.0,0.38299999999999995,0.41700000000000004,21.0,25.0,0.84,6.0,72.0,78.0,17.0,12.0,5.0,20.0,33.0,107.0,9.37
2021,Serge Ibaka,C,31.0,LAC,41.0,39.0,955.0,186.0,365.0,0.51,39.0,115.0,0.33899999999999997,147.0,250.0,0.588,0.563,43.0,53.0,0.8109999999999999,73.0,202.0,275.0,74.0,9.0,47.0,44.0,76.0,454.0,20.78
2021,Andre Iguodala,SF,37.0,MIA,63.0,5.0,1339.0,95.0,248.0,0.38299999999999995,60.0,182.0,0.33,35.0,66.0,0.53,0.504,25.0,38.0,0.6579999999999999,38.0,183.0,221.0,142.0,57.0,35.0,67.0,90.0,275.0,10.88
2021,Joe Ingles,SF,33.0,UTA,67.0,30.0,1867.0,275.0,562.0,0.489,183.0,406.0,0.451,92.0,156.0,0.59,0.652,76.0,90.0,0.8440000000000001,27.0,217.0,244.0,318.0,45.0,12.0,117.0,120.0,809.0,18.71
2021,Brandon Ingram,SF,23.0,NOP,61.0,61.0,2093.0,513.0,1101.0,0.466,143.0,375.0,0.381,370.0,726.0,0.51,0.531,281.0,320.0,0.878,34.0,265.0,299.0,296.0,42.0,36.0,154.0,124.0,1450.0,23.67
2021,Kyrie Irving,PG,28.0,BRK,54.0,54.0,1886.0,549.0,1086.0,0.506,152.0,378.0,0.402,397.0,708.0,0.561,0.5760000000000001,201.0,218.0,0.922,52.0,205.0,257.0,324.0,76.0,37.0,130.0,140.0,1451.0,29.42
2021,Wesley Iwundu,SF,26.0,TOT,41.0,4.0,539.0,34.0,102.0,0.33299999999999996,5.0,41.0,0.122,29.0,61.0,0.475,0.358,26.0,31.0,0.8390000000000001,15.0,75.0,90.0,18.0,15.0,4.0,19.0,49.0,99.0,5.65
2021,Frank Jackson,PG,22.0,DET,40.0,6.0,738.0,134.0,293.0,0.457,61.0,150.0,0.40700000000000003,73.0,143.0,0.51,0.561,61.0,75.0,0.813,15.0,71.0,86.0,36.0,15.0,1.0,34.0,53.0,390.0,16.26
2021,Josh Jackson,SG,23.0,DET,62.0,25.0,1560.0,296.0,707.0,0.419,77.0,257.0,0.3,219.0,450.0,0.48700000000000004,0.473,159.0,218.0,0.7290000000000001,57.0,197.0,254.0,143.0,53.0,47.0,142.0,178.0,828.0,15.16
2021,Justin Jackson,SF,25.0,TOT,34.0,3.0,577.0,89.0,221.0,0.40299999999999997,36.0,117.0,0.308,53.0,104.0,0.51,0.484,31.0,37.0,0.838,16.0,61.0,77.0,52.0,15.0,2.0,32.0,32.0,245.0,13.18
2021,Reggie Jackson,SG,30.0,LAC,67.0,43.0,1544.0,263.0,585.0,0.45,122.0,282.0,0.433,141.0,303.0,0.465,0.5539999999999999,67.0,82.0,0.8170000000000001,24.0,168.0,192.0,205.0,41.0,7.0,74.0,127.0,715.0,16.81
2021,Justin James,SF,24.0,SAC,36.0,0.0,310.0,52.0,111.0,0.46799999999999997,14.0,38.0,0.368,38.0,73.0,0.521,0.532,21.0,36.0,0.583,9.0,21.0,30.0,22.0,8.0,3.0,15.0,23.0,139.0,13.97
2021,LeBron James,PG,36.0,LAL,45.0,45.0,1504.0,422.0,823.0,0.513,104.0,285.0,0.365,318.0,538.0,0.591,0.5760000000000001,178.0,255.0,0.698,29.0,317.0,346.0,350.0,48.0,25.0,168.0,70.0,1126.0,29.23
2021,DaQuan Jeffries,SG,23.0,TOT,31.0,5.0,493.0,50.0,120.0,0.41700000000000004,20.0,67.0,0.299,30.0,53.0,0.5660000000000001,0.5,7.0,8.0,0.875,19.0,52.0,71.0,22.0,15.0,10.0,14.0,48.0,127.0,9.71
2021,Ty Jerome,SG,23.0,OKC,33.0,1.0,788.0,128.0,287.0,0.446,71.0,168.0,0.423,57.0,119.0,0.479,0.57,26.0,34.0,0.765,10.0,81.0,91.0,120.0,20.0,6.0,47.0,61.0,353.0,16.46
2021,Isaiah Joe,SG,21.0,PHI,41.0,1.0,383.0,48.0,133.0,0.361,39.0,106.0,0.368,9.0,27.0,0.33299999999999996,0.508,18.0,24.0,0.75,6.0,30.0,36.0,20.0,12.0,4.0,11.0,34.0,153.0,11.83
2021,Cameron Johnson,PF,24.0,PHO,60.0,11.0,1437.0,203.0,483.0,0.42,117.0,335.0,0.349,86.0,148.0,0.581,0.541,50.0,59.0,0.847,33.0,166.0,199.0,86.0,37.0,16.0,40.0,85.0,573.0,14.2
2021,James Johnson,PF,33.0,TOT,51.0,12.0,1043.0,146.0,327.0,0.446,31.0,120.0,0.258,115.0,207.0,0.556,0.494,45.0,76.0,0.5920000000000001,32.0,145.0,177.0,98.0,42.0,42.0,55.0,120.0,368.0,13.62
2021,Keldon Johnson,SF,21.0,SAS,69.0,67.0,1968.0,338.0,705.0,0.479,60.0,181.0,0.331,278.0,524.0,0.531,0.522,145.0,196.0,0.74,93.0,319.0,412.0,121.0,40.0,24.0,78.0,142.0,881.0,16.52
2021,Stanley Johnson,PF,24.0,TOR,61.0,13.0,1006.0,89.0,233.0,0.382,45.0,137.0,0.32799999999999996,44.0,96.0,0.45799999999999996,0.479,44.0,55.0,0.8,29.0,124.0,153.0,89.0,52.0,18.0,54.0,116.0,267.0,10.76
2021,Tyler Johnson,SG,28.0,BRK,39.0,3.0,684.0,72.0,183.0,0.39299999999999996,48.0,132.0,0.364,24.0,51.0,0.47100000000000003,0.525,18.0,21.0,0.857,6.0,71.0,77.0,47.0,14.0,0.0,17.0,43.0,210.0,10.4
2021,Nikola Jokić,C,25.0,DEN,72.0,72.0,2488.0,732.0,1293.0,0.5660000000000001,92.0,237.0,0.38799999999999996,640.0,1056.0,0.606,0.602,342.0,394.0,0.868,205.0,575.0,780.0,599.0,95.0,48.0,222.0,192.0,1898.0,36.03
2021,Damian Jones,C,25.0,TOT,39.0,10.0,547.0,70.0,103.0,0.68,1.0,5.0,0.2,69.0,98.0,0.7040000000000001,0.684,42.0,58.0,0.7240000000000001,36.0,85.0,121.0,29.0,11.0,29.0,26.0,77.0,183.0,16.62
2021,Derrick Jones Jr.,SF,23.0,POR,58.0,43.0,1318.0,147.0,304.0,0.484,43.0,136.0,0.316,104.0,168.0,0.619,0.5539999999999999,59.0,91.0,0.648,77.0,128.0,205.0,47.0,37.0,54.0,32.0,127.0,396.0,13.32
2021,Mason Jones,SG,22.0,TOT,32.0,1.0,334.0,52.0,123.0,0.423,24.0,66.0,0.364,28.0,57.0,0.491,0.52,40.0,64.0,0.625,7.0,48.0,55.0,42.0,7.0,1.0,29.0,24.0,168.0,15.56
2021,Tre Jones,PG,21.0,SAS,37.0,1.0,269.0,37.0,78.0,0.474,3.0,5.0,0.6,34.0,73.0,0.466,0.494,17.0,19.0,0.895,8.0,13.0,21.0,39.0,8.0,0.0,13.0,13.0,94.0,14.3
2021,Tyus Jones,PG,24.0,MEM,70.0,9.0,1222.0,178.0,413.0,0.431,45.0,140.0,0.321,133.0,273.0,0.48700000000000004,0.485,41.0,45.0,0.9109999999999999,21.0,119.0,140.0,259.0,64.0,6.0,48.0,31.0,442.0,18.31
2021,DeAndre Jordan,C,32.0,BRK,57.0,43.0,1246.0,190.0,249.0,0.763,0.0,1.0,0.0,190.0,248.0,0.7659999999999999,0.763,46.0,92.0,0.5,117.0,310.0,427.0,93.0,17.0,65.0,85.0,116.0,426.0,19.66
2021,Cory Joseph,PG,29.0,TOT,63.0,13.0,1446.0,200.0,426.0,0.469,45.0,132.0,0.341,155.0,294.0,0.527,0.522,72.0,88.0,0.818,35.0,124.0,159.0,213.0,61.0,18.0,79.0,139.0,517.0,14.96
2021,Mfiondu Kabengele,PF,23.0,TOT,39.0,0.0,280.0,33.0,89.0,0.371,13.0,50.0,0.26,20.0,39.0,0.513,0.444,16.0,20.0,0.8,12.0,48.0,60.0,17.0,8.0,13.0,15.0,36.0,95.0,11.65
2021,Frank Kaminsky,C,27.0,PHO,47.0,13.0,715.0,121.0,257.0,0.47100000000000003,31.0,85.0,0.365,90.0,172.0,0.523,0.531,37.0,60.0,0.617,36.0,152.0,188.0,79.0,14.0,17.0,22.0,70.0,310.0,18.68
2021,Enes Kanter,C,28.0,POR,72.0,35.0,1758.0,339.0,561.0,0.604,1.0,4.0,0.25,338.0,557.0,0.607,0.605,127.0,164.0,0.774,284.0,511.0,795.0,84.0,33.0,48.0,78.0,168.0,806.0,24.92
2021,Luke Kennard,SG,24.0,LAC,63.0,17.0,1232.0,197.0,414.0,0.47600000000000003,100.0,224.0,0.446,97.0,190.0,0.511,0.597,26.0,31.0,0.8390000000000001,15.0,146.0,161.0,104.0,23.0,9.0,48.0,91.0,520.0,15.01
2021,Maxi Kleber,PF,29.0,DAL,50.0,40.0,1341.0,116.0,275.0,0.42200000000000004,87.0,212.0,0.41,29.0,63.0,0.46,0.58,34.0,37.0,0.919,47.0,213.0,260.0,68.0,24.0,35.0,30.0,105.0,353.0,12.19
2021,Nathan Knight,PF,23.0,ATL,33.0,0.0,279.0,37.0,100.0,0.37,6.0,33.0,0.182,31.0,67.0,0.46299999999999997,0.4,44.0,55.0,0.8,27.0,45.0,72.0,8.0,9.0,10.0,15.0,22.0,124.0,16.3
2021,Kevin Knox,SF,21.0,NYK,42.0,0.0,464.0,56.0,143.0,0.392,35.0,89.0,0.39299999999999996,21.0,54.0,0.389,0.514,16.0,20.0,0.8,10.0,51.0,61.0,19.0,12.0,6.0,17.0,37.0,163.0,10.8
2021,John Konchar,SG,24.0,MEM,43.0,0.0,575.0,69.0,138.0,0.5,21.0,56.0,0.375,48.0,82.0,0.585,0.5760000000000001,25.0,30.0,0.833,35.0,93.0,128.0,47.0,30.0,9.0,18.0,40.0,184.0,17.5
2021,Furkan Korkmaz,SG,23.0,PHI,55.0,11.0,1062.0,170.0,424.0,0.401,101.0,269.0,0.375,69.0,155.0,0.445,0.52,60.0,82.0,0.732,17.0,96.0,113.0,82.0,49.0,9.0,46.0,64.0,501.0,15.62
2021,Luke Kornet,C-PF,25.0,TOT,31.0,2.0,348.0,44.0,101.0,0.436,15.0,59.0,0.254,29.0,42.0,0.69,0.51,3.0,6.0,0.5,14.0,53.0,67.0,24.0,4.0,32.0,7.0,20.0,106.0,15.26
2021,Rodions Kurucs,SF-PF,22.0,TOT,21.0,0.0,125.0,11.0,32.0,0.344,6.0,21.0,0.28600000000000003,5.0,11.0,0.455,0.43799999999999994,3.0,4.0,0.75,5.0,18.0,23.0,10.0,9.0,4.0,13.0,16.0,31.0,8.21
2021,Kyle Kuzma,SF,25.0,LAL,68.0,32.0,1954.0,335.0,757.0,0.44299999999999995,137.0,380.0,0.361,198.0,377.0,0.525,0.5329999999999999,67.0,97.0,0.691,108.0,309.0,417.0,127.0,35.0,41.0,113.0,121.0,874.0,15.54
2021,Anthony Lamb,SF,23.0,HOU,24.0,3.0,415.0,46.0,118.0,0.39,23.0,71.0,0.324,23.0,47.0,0.489,0.48700000000000004,18.0,21.0,0.857,27.0,43.0,70.0,23.0,6.0,5.0,19.0,34.0,133.0,10.85
2021,Jeremy Lamb,SG,28.0,IND,36.0,8.0,765.0,120.0,276.0,0.435,52.0,128.0,0.406,68.0,148.0,0.45899999999999996,0.529,71.0,75.0,0.9470000000000001,25.0,106.0,131.0,53.0,34.0,23.0,22.0,72.0,363.0,19.37
2021,Zach LaVine,SG,25.0,CHI,58.0,58.0,2034.0,569.0,1123.0,0.507,200.0,477.0,0.419,369.0,646.0,0.5710000000000001,0.596,253.0,298.0,0.8490000000000001,36.0,253.0,289.0,282.0,46.0,27.0,203.0,138.0,1591.0,26.36
2021,Jake Layman,SF,26.0,MIN,45.0,11.0,627.0,91.0,184.0,0.495,23.0,78.0,0.295,68.0,106.0,0.642,0.557,26.0,37.0,0.703,13.0,54.0,67.0,28.0,29.0,19.0,26.0,44.0,231.0,14.01
2021,Damion Lee,SG,28.0,GSW,57.0,1.0,1079.0,128.0,274.0,0.467,77.0,194.0,0.397,51.0,80.0,0.638,0.608,40.0,44.0,0.909,22.0,158.0,180.0,73.0,38.0,8.0,30.0,89.0,373.0,14.82
2021,Saben Lee,PG,21.0,DET,48.0,7.0,781.0,99.0,210.0,0.47100000000000003,8.0,23.0,0.348,91.0,187.0,0.48700000000000004,0.49,61.0,89.0,0.685,20.0,77.0,97.0,174.0,32.0,13.0,55.0,76.0,267.0,16.36
2021,Alex Len,C,27.0,TOT,64.0,42.0,979.0,171.0,278.0,0.615,8.0,25.0,0.32,163.0,253.0,0.644,0.629,73.0,116.0,0.629,78.0,182.0,260.0,49.0,20.0,64.0,55.0,127.0,423.0,19.76
2021,Kawhi Leonard,SF,29.0,LAC,52.0,52.0,1773.0,465.0,908.0,0.512,101.0,254.0,0.39799999999999996,364.0,654.0,0.557,0.568,261.0,295.0,0.885,55.0,282.0,337.0,269.0,81.0,21.0,105.0,82.0,1292.0,29.95
2021,Caris LeVert,SG,26.0,TOT,47.0,39.0,1486.0,359.0,814.0,0.441,84.0,258.0,0.326,275.0,556.0,0.495,0.493,146.0,180.0,0.8109999999999999,33.0,181.0,214.0,245.0,66.0,30.0,102.0,105.0,948.0,22.47
2021,Kira Lewis Jr.,PG,19.0,NOP,54.0,0.0,904.0,130.0,337.0,0.386,40.0,120.0,0.33299999999999996,90.0,217.0,0.415,0.445,43.0,51.0,0.843,12.0,59.0,71.0,124.0,38.0,10.0,34.0,88.0,343.0,12.96
2021,Damian Lillard,PG,30.0,POR,67.0,67.0,2398.0,602.0,1334.0,0.451,275.0,704.0,0.391,327.0,630.0,0.519,0.5539999999999999,449.0,484.0,0.9279999999999999,32.0,251.0,283.0,505.0,62.0,17.0,203.0,102.0,1928.0,29.76
2021,Nassir Little,PF,20.0,POR,48.0,2.0,640.0,78.0,167.0,0.467,28.0,80.0,0.35,50.0,87.0,0.575,0.551,36.0,45.0,0.8,32.0,96.0,128.0,23.0,5.0,13.0,18.0,51.0,220.0,13.38
2021,Kevon Looney,C,24.0,GSW,61.0,34.0,1161.0,108.0,197.0,0.5479999999999999,4.0,17.0,0.235,104.0,180.0,0.578,0.5579999999999999,31.0,48.0,0.6459999999999999,117.0,205.0,322.0,119.0,21.0,22.0,37.0,136.0,251.0,14.21
2021,Brook Lopez,C,32.0,MIL,70.0,70.0,1902.0,322.0,640.0,0.503,95.0,281.0,0.33799999999999997,227.0,359.0,0.632,0.5770000000000001,120.0,142.0,0.845,104.0,243.0,347.0,50.0,40.0,103.0,64.0,149.0,859.0,18.33
2021,Robin Lopez,C,32.0,WAS,71.0,9.0,1354.0,269.0,425.0,0.633,5.0,18.0,0.278,264.0,407.0,0.649,0.639,99.0,137.0,0.723,141.0,131.0,272.0,55.0,15.0,44.0,75.0,109.0,642.0,20.02
2021,Kevin Love,PF,32.0,CLE,25.0,25.0,622.0,103.0,252.0,0.409,57.0,156.0,0.365,46.0,96.0,0.479,0.522,42.0,51.0,0.8240000000000001,17.0,169.0,186.0,63.0,16.0,2.0,38.0,26.0,305.0,18.53
2021,Kyle Lowry,PG,34.0,TOR,46.0,46.0,1601.0,260.0,596.0,0.436,131.0,331.0,0.396,129.0,265.0,0.48700000000000004,0.546,140.0,160.0,0.875,35.0,212.0,247.0,338.0,45.0,14.0,126.0,143.0,791.0,20.01
2021,Timothé Luwawu-Cabarrot,SF,25.0,BRK,58.0,7.0,1050.0,130.0,356.0,0.365,75.0,239.0,0.314,55.0,117.0,0.47,0.47100000000000003,35.0,43.0,0.8140000000000001,28.0,101.0,129.0,69.0,33.0,6.0,43.0,99.0,370.0,10.14
2021,Trey Lyles,PF,25.0,SAS,23.0,9.0,358.0,43.0,90.0,0.478,14.0,40.0,0.35,29.0,50.0,0.58,0.556,15.0,23.0,0.652,9.0,77.0,86.0,14.0,6.0,1.0,6.0,13.0,115.0,13.7
2021,Théo Maledon,PG,19.0,OKC,65.0,49.0,1778.0,226.0,614.0,0.368,105.0,313.0,0.335,121.0,301.0,0.402,0.45399999999999996,101.0,135.0,0.748,25.0,186.0,211.0,227.0,56.0,11.0,141.0,126.0,658.0,10.67
2021,Terance Mann,SG,24.0,LAC,67.0,10.0,1263.0,178.0,350.0,0.509,38.0,91.0,0.418,140.0,259.0,0.541,0.563,78.0,94.0,0.83,56.0,186.0,242.0,104.0,29.0,13.0,40.0,126.0,472.0,15.95
2021,Nico Mannion,PG,19.0,GSW,30.0,1.0,364.0,39.0,114.0,0.342,22.0,60.0,0.36700000000000005,17.0,54.0,0.315,0.439,23.0,28.0,0.821,6.0,40.0,46.0,70.0,16.0,1.0,31.0,29.0,123.0,12.39
2021,Boban Marjanović,C,32.0,DAL,33.0,3.0,271.0,62.0,122.0,0.508,1.0,8.0,0.125,61.0,114.0,0.535,0.512,31.0,38.0,0.816,47.0,81.0,128.0,10.0,2.0,6.0,12.0,29.0,156.0,25.52
2021,Lauri Markkanen,PF,23.0,CHI,51.0,26.0,1317.0,250.0,521.0,0.48,119.0,296.0,0.402,131.0,225.0,0.5820000000000001,0.594,76.0,92.0,0.826,35.0,233.0,268.0,45.0,26.0,15.0,52.0,75.0,695.0,18.61
2021,Naji Marshall,SF,23.0,NOP,32.0,10.0,700.0,82.0,209.0,0.392,29.0,83.0,0.349,53.0,126.0,0.42100000000000004,0.462,53.0,75.0,0.7070000000000001,15.0,133.0,148.0,88.0,26.0,10.0,38.0,58.0,246.0,14.22
2021,Caleb Martin,SF,25.0,CHO,53.0,3.0,818.0,96.0,256.0,0.375,31.0,125.0,0.248,65.0,131.0,0.496,0.436,41.0,64.0,0.6409999999999999,31.0,110.0,141.0,67.0,37.0,12.0,33.0,62.0,264.0,12.0
2021,Cody Martin,SF,25.0,CHO,52.0,10.0,849.0,83.0,188.0,0.441,16.0,58.0,0.276,67.0,130.0,0.515,0.484,25.0,43.0,0.581,52.0,109.0,161.0,86.0,37.0,12.0,40.0,52.0,207.0,12.59
2021,Kelan Martin,SF,25.0,IND,35.0,0.0,322.0,62.0,138.0,0.449,24.0,60.0,0.4,38.0,78.0,0.48700000000000004,0.536,9.0,10.0,0.9,18.0,60.0,78.0,17.0,10.0,10.0,16.0,35.0,157.0,17.5
2021,Kenyon Martin Jr.,SF,20.0,HOU,45.0,8.0,1068.0,162.0,318.0,0.509,35.0,96.0,0.365,127.0,222.0,0.5720000000000001,0.564,60.0,84.0,0.7140000000000001,73.0,169.0,242.0,48.0,30.0,41.0,38.0,89.0,419.0,17.42
2021,Garrison Mathews,SG,24.0,WAS,64.0,24.0,1038.0,97.0,237.0,0.409,76.0,198.0,0.384,21.0,39.0,0.5379999999999999,0.57,84.0,95.0,0.884,16.0,71.0,87.0,26.0,29.0,7.0,10.0,106.0,354.0,12.09
2021,Wesley Matthews,SG,34.0,LAL,58.0,10.0,1130.0,89.0,252.0,0.353,66.0,197.0,0.335,23.0,55.0,0.418,0.484,35.0,41.0,0.8540000000000001,20.0,73.0,93.0,54.0,38.0,17.0,26.0,80.0,279.0,8.73
2021,Tyrese Maxey,SG,20.0,PHI,61.0,8.0,935.0,198.0,429.0,0.462,31.0,103.0,0.301,167.0,326.0,0.512,0.498,61.0,70.0,0.871,11.0,93.0,104.0,120.0,26.0,13.0,41.0,79.0,488.0,17.69
2021,Skylar Mays,SG,23.0,ATL,33.0,0.0,269.0,44.0,98.0,0.449,14.0,40.0,0.35,30.0,58.0,0.517,0.52,22.0,25.0,0.88,10.0,25.0,35.0,30.0,14.0,2.0,9.0,15.0,124.0,19.51
2021,CJ McCollum,SG,29.0,POR,47.0,47.0,1600.0,405.0,884.0,0.45799999999999996,169.0,420.0,0.402,236.0,464.0,0.509,0.5539999999999999,108.0,133.0,0.812,30.0,155.0,185.0,223.0,44.0,21.0,65.0,87.0,1087.0,24.19
2021,T.J. McConnell,PG,28.0,IND,69.0,3.0,1796.0,274.0,490.0,0.5589999999999999,15.0,48.0,0.313,259.0,442.0,0.586,0.574,33.0,48.0,0.688,55.0,201.0,256.0,456.0,128.0,23.0,135.0,113.0,596.0,20.38
2021,Jaden McDaniels,PF,20.0,MIN,63.0,27.0,1511.0,164.0,367.0,0.447,72.0,198.0,0.364,92.0,169.0,0.544,0.545,27.0,45.0,0.6,52.0,180.0,232.0,71.0,35.0,60.0,47.0,172.0,427.0,11.03
2021,Jalen McDaniels,SF,23.0,CHO,47.0,18.0,904.0,133.0,284.0,0.46799999999999997,35.0,105.0,0.33299999999999996,98.0,179.0,0.547,0.53,45.0,64.0,0.703,45.0,124.0,169.0,53.0,28.0,19.0,45.0,95.0,346.0,14.01
2021,Doug McDermott,PF,29.0,IND,66.0,29.0,1619.0,354.0,665.0,0.532,111.0,286.0,0.38799999999999996,243.0,379.0,0.6409999999999999,0.616,80.0,98.0,0.816,60.0,161.0,221.0,85.0,20.0,6.0,53.0,117.0,899.0,19.44
2021,JaVale McGee,C,33.0,TOT,46.0,2.0,678.0,144.0,282.0,0.511,5.0,24.0,0.20800000000000002,139.0,258.0,0.539,0.52,44.0,67.0,0.657,77.0,162.0,239.0,39.0,19.0,54.0,60.0,121.0,337.0,19.77
2021,Alfonzo McKinnie,SF,28.0,LAL,39.0,0.0,258.0,48.0,93.0,0.516,16.0,39.0,0.41,32.0,54.0,0.593,0.602,10.0,18.0,0.556,22.0,32.0,54.0,6.0,7.0,0.0,5.0,26.0,122.0,18.21
2021,Jordan McLaughlin,PG,24.0,MIN,51.0,2.0,938.0,100.0,242.0,0.413,33.0,92.0,0.359,67.0,150.0,0.447,0.48100000000000004,23.0,30.0,0.767,21.0,87.0,108.0,193.0,51.0,6.0,51.0,44.0,256.0,14.87
2021,Ben McLemore,SG,27.0,TOT,53.0,5.0,905.0,135.0,365.0,0.37,97.0,280.0,0.34600000000000003,38.0,85.0,0.447,0.503,39.0,53.0,0.736,15.0,85.0,100.0,39.0,23.0,9.0,42.0,88.0,406.0,11.22
2021,Nicolò Melli,PF,30.0,TOT,45.0,4.0,566.0,46.0,141.0,0.326,23.0,85.0,0.271,23.0,56.0,0.41100000000000003,0.408,19.0,25.0,0.76,29.0,93.0,122.0,44.0,14.0,3.0,12.0,58.0,134.0,9.63
2021,De'Anthony Melton,PG,22.0,MEM,52.0,1.0,1045.0,172.0,393.0,0.43799999999999994,87.0,211.0,0.41200000000000003,85.0,182.0,0.467,0.5479999999999999,41.0,51.0,0.804,30.0,131.0,161.0,132.0,60.0,31.0,66.0,85.0,472.0,18.61
2021,Sam Merrill,SG,24.0,MIL,30.0,2.0,233.0,32.0,72.0,0.444,21.0,47.0,0.447,11.0,25.0,0.44,0.59,4.0,4.0,1.0,6.0,24.0,30.0,21.0,8.0,1.0,10.0,17.0,89.0,14.64
2021,Chimezie Metu,C,23.0,SAC,36.0,6.0,488.0,91.0,179.0,0.508,13.0,37.0,0.35100000000000003,78.0,142.0,0.5489999999999999,0.545,31.0,43.0,0.721,31.0,81.0,112.0,28.0,14.0,18.0,29.0,59.0,226.0,17.45
2021,Khris Middleton,SF,29.0,MIL,68.0,68.0,2269.0,511.0,1074.0,0.47600000000000003,151.0,365.0,0.414,360.0,709.0,0.508,0.546,212.0,236.0,0.898,54.0,352.0,406.0,370.0,74.0,9.0,178.0,160.0,1385.0,22.58
2021,Patty Mills,PG,32.0,SAS,68.0,1.0,1685.0,252.0,611.0,0.41200000000000003,161.0,429.0,0.375,91.0,182.0,0.5,0.544,71.0,78.0,0.91,18.0,98.0,116.0,162.0,42.0,3.0,66.0,81.0,736.0,14.42
2021,Paul Millsap,PF,35.0,DEN,56.0,36.0,1162.0,191.0,401.0,0.47600000000000003,49.0,143.0,0.34299999999999997,142.0,258.0,0.55,0.537,71.0,98.0,0.7240000000000001,76.0,186.0,262.0,98.0,51.0,36.0,51.0,111.0,502.0,19.03
2021,Shake Milton,SG,24.0,PHI,63.0,4.0,1461.0,300.0,667.0,0.45,71.0,203.0,0.35,229.0,464.0,0.494,0.503,146.0,176.0,0.83,33.0,115.0,148.0,193.0,39.0,18.0,103.0,130.0,817.0,17.8
2021,Donovan Mitchell,PG,24.0,UTA,53.0,53.0,1771.0,478.0,1091.0,0.43799999999999994,178.0,461.0,0.386,300.0,630.0,0.47600000000000003,0.52,267.0,316.0,0.845,50.0,185.0,235.0,277.0,52.0,15.0,147.0,117.0,1401.0,25.7
2021,Malik Monk,SG,22.0,CHO,42.0,0.0,878.0,173.0,399.0,0.434,85.0,212.0,0.401,88.0,187.0,0.47100000000000003,0.54,59.0,72.0,0.8190000000000001,14.0,87.0,101.0,87.0,19.0,4.0,55.0,47.0,490.0,17.27
2021,E'Twaun Moore,SG,31.0,PHO,27.0,1.0,389.0,55.0,121.0,0.455,11.0,35.0,0.314,44.0,86.0,0.512,0.5,12.0,14.0,0.857,14.0,31.0,45.0,40.0,15.0,5.0,23.0,32.0,133.0,12.43
2021,Ja Morant,PG,21.0,MEM,63.0,63.0,2053.0,430.0,957.0,0.449,73.0,241.0,0.303,357.0,716.0,0.499,0.48700000000000004,271.0,372.0,0.728,59.0,193.0,252.0,465.0,57.0,13.0,203.0,87.0,1204.0,21.02
2021,Juwan Morgan,PF,23.0,UTA,29.0,0.0,147.0,14.0,30.0,0.467,4.0,13.0,0.308,10.0,17.0,0.588,0.5329999999999999,3.0,7.0,0.429,9.0,19.0,28.0,9.0,4.0,1.0,4.0,21.0,35.0,9.97
2021,Marcus Morris,PF,31.0,LAC,57.0,29.0,1502.0,276.0,584.0,0.473,140.0,296.0,0.473,136.0,288.0,0.47200000000000003,0.5920000000000001,73.0,89.0,0.82,35.0,199.0,234.0,58.0,34.0,15.0,57.0,117.0,765.0,17.07
2021,Markieff Morris,PF,31.0,LAL,61.0,27.0,1200.0,153.0,378.0,0.405,65.0,209.0,0.311,88.0,169.0,0.521,0.491,36.0,50.0,0.72,48.0,218.0,266.0,73.0,22.0,19.0,54.0,105.0,407.0,11.61
2021,Monte Morris,PG,25.0,DEN,47.0,13.0,1196.0,186.0,387.0,0.48100000000000004,51.0,134.0,0.381,135.0,253.0,0.534,0.547,58.0,73.0,0.795,11.0,85.0,96.0,150.0,34.0,13.0,34.0,48.0,481.0,16.49
2021,Mychal Mulder,PG,26.0,GSW,60.0,6.0,766.0,119.0,265.0,0.449,85.0,214.0,0.397,34.0,51.0,0.667,0.609,14.0,22.0,0.636,8.0,52.0,60.0,26.0,12.0,12.0,16.0,56.0,337.0,13.93
2021,Dejounte Murray,PG,24.0,SAS,67.0,67.0,2139.0,441.0,974.0,0.45299999999999996,63.0,199.0,0.317,378.0,775.0,0.488,0.485,106.0,134.0,0.7909999999999999,58.0,415.0,473.0,363.0,101.0,7.0,117.0,135.0,1051.0,19.97
2021,Jamal Murray,PG,23.0,DEN,48.0,48.0,1704.0,378.0,792.0,0.47700000000000004,129.0,316.0,0.408,249.0,476.0,0.523,0.5589999999999999,133.0,153.0,0.8690000000000001,37.0,157.0,194.0,231.0,64.0,13.0,108.0,95.0,1018.0,21.73
2021,Mike Muscala,C,29.0,OKC,35.0,0.0,645.0,119.0,267.0,0.446,68.0,184.0,0.37,51.0,83.0,0.614,0.573,33.0,36.0,0.917,19.0,113.0,132.0,28.0,8.0,11.0,21.0,54.0,339.0,18.0
2021,Sviatoslav Mykhailiuk,SF-SG,23.0,TOT,66.0,14.0,1324.0,208.0,506.0,0.41100000000000003,105.0,314.0,0.33399999999999996,103.0,192.0,0.536,0.515,38.0,50.0,0.76,24.0,139.0,163.0,110.0,51.0,12.0,88.0,63.0,559.0,13.11
2021,Abdel Nader,SF,27.0,PHO,24.0,0.0,355.0,57.0,116.0,0.491,18.0,43.0,0.419,39.0,73.0,0.534,0.569,28.0,37.0,0.757,7.0,55.0,62.0,19.0,10.0,9.0,19.0,34.0,160.0,15.98
2021,Larry Nance Jr.,PF,28.0,CLE,35.0,27.0,1091.0,128.0,272.0,0.47100000000000003,41.0,114.0,0.36,87.0,158.0,0.551,0.546,30.0,49.0,0.612,54.0,181.0,235.0,107.0,61.0,17.0,55.0,72.0,327.0,15.34
2021,Aaron Nesmith,SF,21.0,BOS,46.0,1.0,669.0,78.0,178.0,0.43799999999999994,40.0,108.0,0.37,38.0,70.0,0.5429999999999999,0.551,22.0,28.0,0.7859999999999999,28.0,99.0,127.0,23.0,15.0,9.0,23.0,87.0,218.0,11.27
2021,Raul Neto,PG,28.0,WAS,64.0,22.0,1403.0,209.0,447.0,0.46799999999999997,64.0,164.0,0.39,145.0,283.0,0.512,0.539,75.0,85.0,0.882,28.0,128.0,156.0,146.0,73.0,6.0,53.0,109.0,557.0,16.21
2021,Georges Niang,PF,27.0,UTA,72.0,10.0,1154.0,177.0,405.0,0.43700000000000006,124.0,292.0,0.425,53.0,113.0,0.469,0.59,22.0,23.0,0.9570000000000001,28.0,148.0,176.0,59.0,25.0,8.0,51.0,116.0,500.0,13.81
2021,Zeke Nnaji,PF,20.0,DEN,42.0,1.0,397.0,50.0,104.0,0.48100000000000004,24.0,59.0,0.40700000000000003,26.0,45.0,0.578,0.596,12.0,15.0,0.8,14.0,51.0,65.0,10.0,8.0,4.0,7.0,29.0,136.0,13.3
2021,Nerlens Noel,C,26.0,NYK,64.0,41.0,1547.0,137.0,223.0,0.614,0.0,3.0,0.0,137.0,220.0,0.623,0.614,50.0,70.0,0.7140000000000001,142.0,266.0,408.0,46.0,70.0,141.0,65.0,176.0,324.0,15.63
2021,Jaylen Nowell,SG,21.0,MIN,42.0,0.0,759.0,142.0,335.0,0.424,50.0,150.0,0.33299999999999996,92.0,185.0,0.49700000000000005,0.499,45.0,55.0,0.818,19.0,76.0,95.0,62.0,22.0,12.0,28.0,72.0,379.0,15.88
2021,Frank Ntilikina,PG,22.0,NYK,33.0,4.0,322.0,29.0,79.0,0.36700000000000005,23.0,48.0,0.479,6.0,31.0,0.19399999999999998,0.513,8.0,18.0,0.444,6.0,25.0,31.0,19.0,18.0,4.0,11.0,45.0,89.0,9.07
2021,Kendrick Nunn,PG,25.0,MIA,56.0,44.0,1650.0,319.0,658.0,0.485,122.0,320.0,0.381,197.0,338.0,0.583,0.578,56.0,60.0,0.9329999999999999,21.0,158.0,179.0,148.0,52.0,14.0,80.0,108.0,816.0,17.24
2021,Jusuf Nurkić,C,26.0,POR,37.0,37.0,880.0,171.0,333.0,0.514,12.0,30.0,0.4,159.0,303.0,0.525,0.532,70.0,113.0,0.619,86.0,246.0,332.0,125.0,38.0,39.0,73.0,103.0,424.0,23.38
2021,David Nwaba,SF,28.0,HOU,30.0,9.0,679.0,106.0,218.0,0.486,17.0,63.0,0.27,89.0,155.0,0.574,0.525,47.0,68.0,0.691,40.0,78.0,118.0,31.0,30.0,21.0,17.0,60.0,276.0,17.17
2021,Jordan Nwora,SF,22.0,MIL,30.0,2.0,274.0,62.0,135.0,0.45899999999999996,28.0,62.0,0.452,34.0,73.0,0.466,0.563,19.0,25.0,0.76,9.0,51.0,60.0,7.0,16.0,7.0,24.0,22.0,171.0,20.06
2021,Royce O'Neale,SF,27.0,UTA,71.0,71.0,2241.0,175.0,394.0,0.444,107.0,278.0,0.385,68.0,116.0,0.586,0.58,39.0,46.0,0.848,88.0,397.0,485.0,181.0,57.0,32.0,83.0,182.0,496.0,11.59
2021,Semi Ojeleye,PF,26.0,BOS,56.0,15.0,950.0,89.0,221.0,0.40299999999999997,58.0,158.0,0.36700000000000005,31.0,63.0,0.49200000000000005,0.534,24.0,32.0,0.75,31.0,116.0,147.0,37.0,17.0,0.0,21.0,56.0,260.0,9.96
2021,Jahlil Okafor,C,25.0,DET,27.0,2.0,347.0,63.0,102.0,0.618,2.0,9.0,0.222,61.0,93.0,0.6559999999999999,0.627,17.0,24.0,0.708,23.0,43.0,66.0,13.0,6.0,5.0,21.0,39.0,145.0,15.4
2021,Chuma Okeke,PF,22.0,ORL,45.0,19.0,1133.0,135.0,324.0,0.41700000000000004,49.0,141.0,0.348,86.0,183.0,0.47,0.49200000000000005,30.0,40.0,0.75,42.0,139.0,181.0,101.0,48.0,22.0,38.0,48.0,349.0,13.86
2021,Josh Okogie,SG,22.0,MIN,59.0,37.0,1197.0,102.0,254.0,0.402,29.0,108.0,0.26899999999999996,73.0,146.0,0.5,0.45899999999999996,83.0,108.0,0.769,63.0,93.0,156.0,63.0,54.0,28.0,43.0,123.0,316.0,11.1
2021,Onyeka Okongwu,C,20.0,ATL,50.0,4.0,601.0,96.0,149.0,0.644,0.0,3.0,0.0,96.0,146.0,0.6579999999999999,0.644,36.0,57.0,0.632,62.0,101.0,163.0,18.0,23.0,33.0,29.0,100.0,228.0,18.68
2021,Isaac Okoro,SG,20.0,CLE,67.0,67.0,2173.0,235.0,559.0,0.42,62.0,214.0,0.29,173.0,345.0,0.501,0.47600000000000003,114.0,157.0,0.726,68.0,138.0,206.0,128.0,62.0,24.0,86.0,185.0,646.0,9.56
2021,KZ Okpala,PF,21.0,MIA,37.0,9.0,447.0,36.0,96.0,0.375,12.0,50.0,0.24,24.0,46.0,0.522,0.43799999999999994,8.0,15.0,0.5329999999999999,21.0,47.0,68.0,19.0,10.0,11.0,15.0,59.0,92.0,6.53
2021,Victor Oladipo,SG,28.0,TOT,33.0,33.0,1080.0,235.0,576.0,0.408,78.0,239.0,0.326,157.0,337.0,0.466,0.47600000000000003,104.0,138.0,0.754,12.0,148.0,160.0,151.0,46.0,14.0,83.0,81.0,652.0,18.61
2021,Kelly Olynyk,C-PF,29.0,TOT,70.0,62.0,1997.0,337.0,697.0,0.484,126.0,368.0,0.342,211.0,329.0,0.6409999999999999,0.574,145.0,175.0,0.8290000000000001,87.0,402.0,489.0,203.0,79.0,42.0,126.0,207.0,945.0,19.77
2021,Miye Oni,SG,23.0,UTA,54.0,0.0,519.0,35.0,99.0,0.354,30.0,88.0,0.341,5.0,11.0,0.455,0.505,5.0,6.0,0.833,23.0,61.0,84.0,28.0,11.0,8.0,16.0,61.0,105.0,7.77
2021,Cedi Osman,SF,25.0,CLE,59.0,26.0,1510.0,219.0,586.0,0.374,99.0,324.0,0.306,120.0,262.0,0.45799999999999996,0.45799999999999996,76.0,95.0,0.8,38.0,163.0,201.0,174.0,53.0,9.0,80.0,119.0,613.0,12.92
2021,Daniel Oturu,C,21.0,LAC,30.0,0.0,161.0,22.0,52.0,0.423,1.0,5.0,0.2,21.0,47.0,0.447,0.433,9.0,12.0,0.75,21.0,27.0,48.0,10.0,4.0,7.0,9.0,24.0,54.0,14.2
2021,Kelly Oubre Jr.,SF,25.0,GSW,55.0,50.0,1687.0,318.0,724.0,0.439,90.0,285.0,0.316,228.0,439.0,0.519,0.501,123.0,177.0,0.695,82.0,247.0,329.0,73.0,57.0,42.0,70.0,121.0,849.0,17.18
2021,Eric Paschall,PF,24.0,GSW,40.0,2.0,695.0,148.0,298.0,0.49700000000000005,18.0,54.0,0.33299999999999996,130.0,244.0,0.5329999999999999,0.527,67.0,94.0,0.713,28.0,100.0,128.0,51.0,12.0,7.0,43.0,68.0,381.0,17.46
2021,Patrick Patterson,PF,31.0,LAC,38.0,5.0,582.0,72.0,165.0,0.436,40.0,112.0,0.35700000000000004,32.0,53.0,0.604,0.5579999999999999,13.0,17.0,0.765,19.0,56.0,75.0,29.0,14.0,8.0,11.0,45.0,197.0,12.74
2021,Chris Paul,PG,35.0,PHO,70.0,70.0,2199.0,439.0,879.0,0.499,102.0,258.0,0.395,337.0,621.0,0.5429999999999999,0.557,169.0,181.0,0.934,25.0,287.0,312.0,622.0,99.0,19.0,156.0,166.0,1149.0,25.02
2021,Cameron Payne,PG,26.0,PHO,60.0,1.0,1079.0,191.0,395.0,0.484,73.0,166.0,0.44,118.0,229.0,0.515,0.5760000000000001,50.0,56.0,0.893,16.0,128.0,144.0,217.0,36.0,16.0,60.0,97.0,505.0,20.5
2021,Elfrid Payton,PG,26.0,NYK,63.0,63.0,1484.0,269.0,622.0,0.43200000000000005,28.0,98.0,0.28600000000000003,241.0,524.0,0.46,0.455,73.0,107.0,0.682,64.0,152.0,216.0,203.0,47.0,9.0,103.0,116.0,639.0,13.87
2021,Reggie Perry,PF,20.0,BRK,26.0,0.0,211.0,32.0,78.0,0.41,4.0,21.0,0.19,28.0,57.0,0.491,0.436,10.0,13.0,0.769,27.0,46.0,73.0,14.0,6.0,6.0,15.0,40.0,78.0,13.48
2021,Mason Plumlee,C,30.0,DET,56.0,56.0,1499.0,234.0,381.0,0.614,0.0,7.0,0.0,234.0,374.0,0.626,0.614,113.0,169.0,0.669,145.0,374.0,519.0,202.0,43.0,50.0,105.0,186.0,581.0,21.43
2021,Jakob Poeltl,C,25.0,SAS,69.0,51.0,1845.0,265.0,430.0,0.616,0.0,0.0,0.0,265.0,430.0,0.616,0.616,63.0,124.0,0.508,219.0,328.0,547.0,134.0,47.0,123.0,83.0,172.0,593.0,19.51
2021,Aleksej Pokusevski,PF,19.0,OKC,45.0,28.0,1090.0,139.0,408.0,0.341,58.0,207.0,0.28,81.0,201.0,0.40299999999999997,0.41200000000000003,31.0,42.0,0.738,30.0,182.0,212.0,97.0,20.0,42.0,99.0,58.0,367.0,8.48
2021,Jordan Poole,SG,21.0,GSW,51.0,7.0,988.0,205.0,474.0,0.43200000000000005,97.0,276.0,0.35100000000000003,108.0,198.0,0.545,0.535,105.0,119.0,0.882,15.0,77.0,92.0,99.0,26.0,9.0,51.0,86.0,612.0,19.64
2021,Kevin Porter Jr.,SG,20.0,HOU,26.0,23.0,835.0,156.0,367.0,0.425,50.0,161.0,0.311,106.0,206.0,0.515,0.493,69.0,94.0,0.7340000000000001,20.0,79.0,99.0,164.0,19.0,8.0,91.0,61.0,431.0,16.13
2021,Michael Porter Jr.,SF,22.0,DEN,61.0,54.0,1912.0,443.0,817.0,0.542,170.0,382.0,0.445,273.0,435.0,0.628,0.6459999999999999,106.0,134.0,0.7909999999999999,91.0,354.0,445.0,70.0,40.0,54.0,77.0,126.0,1162.0,23.93
2021,Otto Porter,SF-PF,27.0,TOT,28.0,6.0,606.0,98.0,227.0,0.43200000000000005,39.0,104.0,0.375,59.0,123.0,0.48,0.518,36.0,42.0,0.857,28.0,124.0,152.0,55.0,16.0,4.0,25.0,41.0,271.0,17.73
2021,Bobby Portis,C,25.0,MIL,66.0,7.0,1372.0,313.0,598.0,0.523,74.0,157.0,0.47100000000000003,239.0,441.0,0.542,0.585,54.0,73.0,0.74,124.0,342.0,466.0,71.0,52.0,26.0,56.0,115.0,754.0,23.96
2021,Kristaps Porziņģis,C,25.0,DAL,43.0,43.0,1327.0,325.0,683.0,0.47600000000000003,97.0,258.0,0.376,228.0,425.0,0.536,0.547,118.0,138.0,0.855,82.0,299.0,381.0,68.0,20.0,58.0,51.0,115.0,865.0,24.59
2021,Dwight Powell,C,29.0,DAL,58.0,19.0,966.0,120.0,194.0,0.619,5.0,21.0,0.23800000000000002,115.0,173.0,0.665,0.631,97.0,124.0,0.782,80.0,154.0,234.0,63.0,36.0,30.0,40.0,135.0,342.0,18.53
2021,Norman Powell,SG-SF,27.0,TOT,69.0,58.0,2205.0,438.0,918.0,0.47700000000000004,171.0,416.0,0.41100000000000003,267.0,502.0,0.532,0.57,236.0,271.0,0.871,42.0,173.0,215.0,129.0,82.0,18.0,119.0,160.0,1283.0,19.34
2021,Taurean Prince,PF,26.0,TOT,41.0,10.0,905.0,131.0,327.0,0.401,62.0,155.0,0.4,69.0,172.0,0.401,0.495,65.0,76.0,0.855,19.0,123.0,142.0,76.0,28.0,23.0,47.0,75.0,389.0,14.79
2021,Payton Pritchard,SG,23.0,BOS,66.0,4.0,1268.0,184.0,418.0,0.44,102.0,248.0,0.41100000000000003,82.0,170.0,0.48200000000000004,0.562,40.0,45.0,0.889,33.0,125.0,158.0,120.0,37.0,9.0,53.0,104.0,510.0,14.74
2021,Immanuel Quickley,PG,21.0,NYK,64.0,3.0,1243.0,229.0,580.0,0.395,118.0,303.0,0.389,111.0,277.0,0.401,0.49700000000000005,155.0,174.0,0.8909999999999999,25.0,112.0,137.0,127.0,30.0,12.0,58.0,114.0,731.0,18.45
2021,Chasson Randle,PG,27.0,ORL,41.0,5.0,837.0,92.0,237.0,0.38799999999999996,44.0,130.0,0.33799999999999997,48.0,107.0,0.449,0.48100000000000004,38.0,48.0,0.792,7.0,75.0,82.0,74.0,22.0,5.0,46.0,64.0,266.0,9.35
2021,Julius Randle,PF,26.0,NYK,71.0,71.0,2667.0,602.0,1321.0,0.456,160.0,389.0,0.41100000000000003,442.0,932.0,0.474,0.516,348.0,429.0,0.8109999999999999,84.0,639.0,723.0,427.0,64.0,18.0,241.0,225.0,1712.0,22.98
2021,Cam Reddish,SF,21.0,ATL,26.0,21.0,750.0,96.0,263.0,0.365,33.0,126.0,0.262,63.0,137.0,0.46,0.428,67.0,82.0,0.8170000000000001,22.0,82.0,104.0,35.0,33.0,9.0,34.0,68.0,292.0,11.55
2021,J.J. Redick,SG,36.0,TOT,44.0,0.0,723.0,106.0,267.0,0.397,66.0,178.0,0.371,40.0,89.0,0.449,0.521,49.0,52.0,0.9420000000000001,4.0,60.0,64.0,51.0,11.0,3.0,36.0,50.0,327.0,12.68
2021,Paul Reed,PF,21.0,PHI,26.0,0.0,177.0,42.0,78.0,0.5379999999999999,0.0,6.0,0.0,42.0,72.0,0.583,0.5379999999999999,4.0,8.0,0.5,30.0,31.0,61.0,12.0,10.0,13.0,12.0,29.0,88.0,24.04
2021,Naz Reid,C,21.0,MIN,70.0,15.0,1347.0,304.0,581.0,0.523,61.0,174.0,0.35100000000000003,243.0,407.0,0.597,0.5760000000000001,115.0,166.0,0.693,82.0,240.0,322.0,72.0,34.0,76.0,69.0,179.0,784.0,22.3
2021,Josh Richardson,SG,27.0,DAL,59.0,56.0,1790.0,264.0,618.0,0.42700000000000005,88.0,267.0,0.33,176.0,351.0,0.501,0.498,99.0,108.0,0.917,51.0,144.0,195.0,153.0,61.0,24.0,79.0,130.0,715.0,13.95
2021,Austin Rivers,SG,28.0,TOT,36.0,7.0,845.0,104.0,245.0,0.424,55.0,149.0,0.369,49.0,96.0,0.51,0.537,22.0,31.0,0.71,8.0,74.0,82.0,81.0,30.0,2.0,36.0,64.0,285.0,11.8
2021,Duncan Robinson,SF,26.0,MIA,72.0,72.0,2262.0,315.0,717.0,0.439,250.0,613.0,0.408,65.0,104.0,0.625,0.614,62.0,75.0,0.8270000000000001,7.0,243.0,250.0,127.0,43.0,20.0,81.0,181.0,942.0,13.6
2021,Glenn Robinson III,SF,27.0,SAC,23.0,2.0,369.0,42.0,99.0,0.424,16.0,44.0,0.364,26.0,55.0,0.473,0.505,21.0,23.0,0.9129999999999999,11.0,34.0,45.0,20.0,4.0,3.0,11.0,23.0,121.0,11.15
2021,Mitchell Robinson,C,22.0,NYK,31.0,29.0,853.0,115.0,176.0,0.653,0.0,0.0,0.0,115.0,176.0,0.653,0.653,26.0,53.0,0.491,113.0,139.0,252.0,17.0,35.0,45.0,26.0,86.0,256.0,18.76
2021,Isaiah Roby,PF,22.0,OKC,61.0,34.0,1425.0,207.0,429.0,0.483,32.0,109.0,0.294,175.0,320.0,0.547,0.52,87.0,117.0,0.7440000000000001,89.0,252.0,341.0,107.0,52.0,37.0,113.0,162.0,533.0,14.38
2021,Rajon Rondo,PG,34.0,TOT,45.0,3.0,770.0,95.0,215.0,0.442,36.0,89.0,0.40399999999999997,59.0,126.0,0.46799999999999997,0.526,16.0,17.0,0.941,18.0,92.0,110.0,199.0,37.0,4.0,79.0,53.0,242.0,15.58
2021,Derrick Rose,PG,32.0,TOT,50.0,3.0,1279.0,287.0,611.0,0.47,50.0,129.0,0.38799999999999996,237.0,482.0,0.49200000000000005,0.511,110.0,127.0,0.866,20.0,110.0,130.0,209.0,49.0,19.0,78.0,56.0,734.0,21.29
2021,Terrence Ross,SG,29.0,ORL,46.0,2.0,1347.0,254.0,616.0,0.41200000000000003,89.0,264.0,0.337,165.0,352.0,0.469,0.485,120.0,138.0,0.87,15.0,143.0,158.0,108.0,47.0,21.0,74.0,88.0,717.0,16.18
2021,Terry Rozier,SG,26.0,CHO,69.0,69.0,2383.0,510.0,1134.0,0.45,222.0,571.0,0.389,288.0,563.0,0.512,0.5479999999999999,165.0,202.0,0.8170000000000001,47.0,255.0,302.0,293.0,87.0,26.0,128.0,119.0,1407.0,21.13
2021,Ricky Rubio,PG,30.0,MIN,68.0,51.0,1772.0,193.0,498.0,0.38799999999999996,66.0,214.0,0.308,127.0,284.0,0.447,0.45399999999999996,130.0,150.0,0.867,28.0,195.0,223.0,433.0,98.0,4.0,111.0,139.0,582.0,16.81
2021,D'Angelo Russell,PG,24.0,MIN,42.0,26.0,1196.0,281.0,652.0,0.431,120.0,310.0,0.387,161.0,342.0,0.47100000000000003,0.523,114.0,149.0,0.765,16.0,95.0,111.0,244.0,45.0,18.0,112.0,68.0,796.0,22.46
2021,Domantas Sabonis,PF,24.0,IND,62.0,62.0,2231.0,484.0,904.0,0.535,52.0,162.0,0.321,432.0,742.0,0.5820000000000001,0.564,240.0,328.0,0.732,150.0,592.0,742.0,415.0,76.0,33.0,213.0,203.0,1260.0,25.41
2021,Luka Šamanić,PF,21.0,SAS,33.0,4.0,308.0,47.0,105.0,0.44799999999999995,12.0,43.0,0.27899999999999997,35.0,62.0,0.565,0.505,16.0,29.0,0.552,16.0,52.0,68.0,15.0,8.0,8.0,20.0,43.0,122.0,12.06
2021,JaKarr Sampson,PF,27.0,IND,29.0,4.0,316.0,56.0,113.0,0.496,3.0,15.0,0.2,53.0,98.0,0.541,0.509,19.0,29.0,0.655,27.0,50.0,77.0,4.0,2.0,14.0,15.0,52.0,134.0,13.64
2021,Dario Šarić,C,26.0,PHO,50.0,4.0,871.0,153.0,342.0,0.447,47.0,135.0,0.348,106.0,207.0,0.512,0.516,84.0,99.0,0.848,46.0,144.0,190.0,65.0,30.0,4.0,57.0,95.0,437.0,17.28
2021,Tomáš Satoranský,SG,29.0,CHI,58.0,18.0,1307.0,169.0,329.0,0.514,42.0,118.0,0.35600000000000004,127.0,211.0,0.602,0.578,67.0,79.0,0.848,30.0,112.0,142.0,271.0,40.0,14.0,96.0,89.0,447.0,16.48
2021,Dennis Schröder,SG,27.0,LAL,61.0,61.0,1956.0,332.0,760.0,0.43700000000000006,71.0,212.0,0.335,261.0,548.0,0.47600000000000003,0.484,206.0,243.0,0.848,30.0,181.0,211.0,351.0,70.0,13.0,163.0,159.0,941.0,16.93
2021,Mike Scott,PF,32.0,PHI,51.0,12.0,852.0,76.0,211.0,0.36,53.0,155.0,0.342,23.0,56.0,0.41100000000000003,0.486,8.0,12.0,0.667,11.0,109.0,120.0,40.0,24.0,14.0,19.0,72.0,213.0,8.54
2021,Collin Sexton,SG,22.0,CLE,60.0,60.0,2115.0,525.0,1105.0,0.475,98.0,264.0,0.371,427.0,841.0,0.508,0.519,312.0,383.0,0.815,58.0,129.0,187.0,262.0,62.0,10.0,167.0,157.0,1460.0,21.71
2021,Landry Shamet,SG,23.0,BRK,61.0,12.0,1403.0,186.0,456.0,0.408,129.0,333.0,0.387,57.0,123.0,0.46299999999999997,0.5489999999999999,66.0,78.0,0.846,11.0,101.0,112.0,99.0,31.0,10.0,48.0,93.0,567.0,12.94
2021,Pascal Siakam,PF,26.0,TOR,56.0,56.0,2006.0,437.0,961.0,0.455,73.0,246.0,0.297,364.0,715.0,0.509,0.493,249.0,301.0,0.8270000000000001,95.0,310.0,405.0,250.0,64.0,37.0,130.0,174.0,1196.0,21.57
2021,Ben Simmons,PG,24.0,PHI,58.0,58.0,1877.0,325.0,583.0,0.557,3.0,10.0,0.3,322.0,573.0,0.562,0.56,176.0,287.0,0.613,93.0,324.0,417.0,401.0,93.0,35.0,173.0,171.0,829.0,21.53
2021,Anfernee Simons,SG,21.0,POR,64.0,0.0,1104.0,168.0,401.0,0.419,120.0,282.0,0.426,48.0,119.0,0.40299999999999997,0.569,46.0,57.0,0.807,14.0,126.0,140.0,89.0,18.0,8.0,43.0,96.0,502.0,14.72
2021,Deividas Sirvydis,SG,20.0,DET,20.0,0.0,133.0,14.0,40.0,0.35,10.0,28.0,0.35700000000000004,4.0,12.0,0.33299999999999996,0.475,3.0,6.0,0.5,0.0,29.0,29.0,5.0,2.0,0.0,5.0,9.0,41.0,8.01
2021,Marcus Smart,PG,26.0,BOS,48.0,45.0,1581.0,203.0,510.0,0.39799999999999996,93.0,282.0,0.33,110.0,228.0,0.48200000000000004,0.489,128.0,162.0,0.79,36.0,131.0,167.0,273.0,72.0,23.0,96.0,126.0,627.0,16.31
2021,Dennis Smith Jr.,PG,23.0,TOT,23.0,9.0,420.0,58.0,145.0,0.4,19.0,58.0,0.32799999999999996,39.0,87.0,0.44799999999999995,0.466,19.0,26.0,0.731,12.0,43.0,55.0,77.0,23.0,14.0,26.0,37.0,154.0,16.26
2021,Ish Smith,PG,32.0,WAS,44.0,1.0,924.0,129.0,297.0,0.434,18.0,49.0,0.36700000000000005,111.0,248.0,0.44799999999999995,0.465,19.0,33.0,0.5760000000000001,22.0,128.0,150.0,172.0,32.0,13.0,41.0,62.0,295.0,14.84
2021,Jalen Smith,PF,20.0,PHO,27.0,1.0,156.0,22.0,50.0,0.44,4.0,17.0,0.235,18.0,33.0,0.545,0.48,5.0,7.0,0.7140000000000001,7.0,30.0,37.0,4.0,1.0,5.0,7.0,16.0,53.0,10.55
2021,Tony Snell,SG,29.0,ATL,47.0,23.0,992.0,88.0,171.0,0.515,62.0,109.0,0.569,26.0,62.0,0.419,0.696,11.0,11.0,1.0,18.0,94.0,112.0,59.0,13.0,11.0,21.0,75.0,249.0,10.96
2021,Cassius Stanley,SG,21.0,IND,24.0,0.0,93.0,13.0,43.0,0.302,3.0,13.0,0.231,10.0,30.0,0.33299999999999996,0.337,7.0,9.0,0.778,8.0,12.0,20.0,1.0,1.0,2.0,1.0,14.0,36.0,8.03
2021,Lamar Stevens,PF,23.0,CLE,40.0,0.0,499.0,62.0,136.0,0.456,4.0,25.0,0.16,58.0,111.0,0.523,0.47100000000000003,37.0,51.0,0.725,24.0,72.0,96.0,25.0,17.0,13.0,23.0,53.0,165.0,12.48
2021,Isaiah Stewart,C,19.0,DET,68.0,14.0,1455.0,226.0,409.0,0.5529999999999999,21.0,63.0,0.33299999999999996,205.0,346.0,0.5920000000000001,0.578,64.0,92.0,0.696,159.0,294.0,453.0,59.0,39.0,86.0,67.0,184.0,537.0,18.6
2021,Max Strus,SF,24.0,MIA,39.0,0.0,507.0,85.0,187.0,0.455,50.0,148.0,0.33799999999999997,35.0,39.0,0.897,0.588,16.0,24.0,0.667,5.0,36.0,41.0,24.0,11.0,2.0,8.0,43.0,236.0,14.87
2021,Edmond Sumner,SG,25.0,IND,53.0,24.0,861.0,148.0,282.0,0.525,35.0,88.0,0.39799999999999996,113.0,194.0,0.5820000000000001,0.5870000000000001,68.0,83.0,0.8190000000000001,18.0,76.0,94.0,49.0,33.0,10.0,51.0,88.0,399.0,15.79
2021,Jae'Sean Tate,SF,25.0,HOU,70.0,58.0,2043.0,316.0,625.0,0.506,60.0,195.0,0.308,256.0,430.0,0.595,0.5539999999999999,102.0,147.0,0.6940000000000001,132.0,242.0,374.0,178.0,85.0,36.0,98.0,222.0,794.0,16.55
2021,Jayson Tatum,SF,22.0,BOS,64.0,64.0,2290.0,605.0,1318.0,0.45899999999999996,187.0,485.0,0.386,418.0,833.0,0.502,0.53,295.0,340.0,0.868,50.0,422.0,472.0,276.0,75.0,31.0,171.0,122.0,1692.0,25.46
2021,Jeff Teague,PG,32.0,TOT,55.0,7.0,950.0,123.0,284.0,0.433,36.0,82.0,0.439,87.0,202.0,0.431,0.496,89.0,105.0,0.848,15.0,73.0,88.0,132.0,34.0,12.0,64.0,56.0,371.0,14.84
2021,Garrett Temple,SG,34.0,CHI,56.0,25.0,1528.0,158.0,381.0,0.415,67.0,200.0,0.335,91.0,181.0,0.503,0.503,40.0,50.0,0.8,29.0,131.0,160.0,124.0,43.0,30.0,58.0,126.0,423.0,10.17
2021,Daniel Theis,C,28.0,TOT,65.0,51.0,1601.0,252.0,466.0,0.541,49.0,152.0,0.322,203.0,314.0,0.6459999999999999,0.593,74.0,110.0,0.6729999999999999,93.0,263.0,356.0,108.0,41.0,57.0,66.0,167.0,627.0,17.38
2021,Brodric Thomas,SG,24.0,TOT,32.0,1.0,399.0,39.0,108.0,0.361,16.0,59.0,0.271,23.0,49.0,0.469,0.435,31.0,46.0,0.674,8.0,45.0,53.0,30.0,15.0,10.0,22.0,40.0,125.0,9.95
2021,Matt Thomas,SG,26.0,TOT,45.0,0.0,326.0,50.0,127.0,0.39399999999999996,27.0,80.0,0.33799999999999997,23.0,47.0,0.489,0.5,12.0,14.0,0.857,7.0,37.0,44.0,19.0,4.0,0.0,14.0,18.0,139.0,11.74
2021,Tristan Thompson,PF,29.0,BOS,54.0,43.0,1287.0,169.0,326.0,0.518,0.0,3.0,0.0,169.0,323.0,0.523,0.518,71.0,120.0,0.5920000000000001,169.0,270.0,439.0,67.0,24.0,33.0,62.0,119.0,409.0,16.18
2021,Sindarius Thornwell,SG,26.0,TOT,21.0,1.0,217.0,15.0,46.0,0.326,7.0,23.0,0.304,8.0,23.0,0.348,0.402,4.0,8.0,0.5,3.0,15.0,18.0,21.0,13.0,2.0,7.0,15.0,41.0,8.08
2021,Matisse Thybulle,SG,23.0,PHI,65.0,8.0,1298.0,102.0,243.0,0.42,43.0,143.0,0.301,59.0,100.0,0.59,0.508,8.0,18.0,0.444,30.0,94.0,124.0,63.0,105.0,71.0,32.0,127.0,255.0,11.49
2021,Xavier Tillman Sr.,PF,22.0,MEM,59.0,12.0,1085.0,167.0,299.0,0.5589999999999999,22.0,65.0,0.33799999999999997,145.0,234.0,0.62,0.595,34.0,53.0,0.642,74.0,182.0,256.0,75.0,44.0,33.0,45.0,116.0,390.0,17.46
2021,Obi Toppin,PF,22.0,NYK,62.0,0.0,683.0,104.0,209.0,0.498,26.0,85.0,0.306,78.0,124.0,0.629,0.56,19.0,26.0,0.731,26.0,112.0,138.0,29.0,17.0,15.0,23.0,55.0,253.0,14.5
2021,Juan Toscano-Anderson,SG,27.0,GSW,53.0,16.0,1107.0,121.0,209.0,0.579,37.0,92.0,0.402,84.0,117.0,0.718,0.667,22.0,31.0,0.71,29.0,205.0,234.0,150.0,41.0,26.0,61.0,111.0,301.0,15.45
2021,Karl-Anthony Towns,C,25.0,MIN,50.0,50.0,1689.0,425.0,875.0,0.486,122.0,315.0,0.387,303.0,560.0,0.541,0.555,267.0,311.0,0.8590000000000001,133.0,396.0,529.0,225.0,39.0,57.0,160.0,186.0,1239.0,28.52
2021,Gary Trent Jr.,SG,22.0,TOT,58.0,38.0,1802.0,320.0,785.0,0.408,165.0,429.0,0.385,155.0,356.0,0.435,0.513,83.0,106.0,0.7829999999999999,27.0,125.0,152.0,80.0,56.0,10.0,43.0,92.0,888.0,14.66
2021,P.J. Tucker,PF,35.0,TOT,52.0,33.0,1356.0,66.0,177.0,0.373,40.0,119.0,0.336,26.0,58.0,0.44799999999999995,0.486,21.0,28.0,0.75,51.0,153.0,204.0,61.0,39.0,20.0,40.0,125.0,193.0,6.77
2021,Myles Turner,C,24.0,IND,47.0,47.0,1455.0,206.0,432.0,0.47700000000000004,69.0,206.0,0.335,137.0,226.0,0.606,0.557,111.0,142.0,0.782,63.0,243.0,306.0,48.0,40.0,159.0,67.0,165.0,592.0,18.31
2021,Jonas Valančiūnas,C,28.0,MEM,62.0,61.0,1755.0,440.0,743.0,0.5920000000000001,21.0,57.0,0.368,419.0,686.0,0.611,0.606,157.0,203.0,0.773,253.0,523.0,776.0,112.0,35.0,57.0,100.0,179.0,1058.0,28.83
2021,Denzel Valentine,SG,27.0,CHI,62.0,3.0,1036.0,155.0,416.0,0.373,80.0,242.0,0.331,75.0,174.0,0.431,0.469,16.0,17.0,0.941,24.0,173.0,197.0,105.0,30.0,7.0,42.0,70.0,406.0,13.04
2021,Jarred Vanderbilt,PF,21.0,MIN,64.0,30.0,1139.0,143.0,236.0,0.606,1.0,5.0,0.2,142.0,231.0,0.615,0.608,57.0,102.0,0.5589999999999999,118.0,250.0,368.0,76.0,64.0,46.0,53.0,123.0,344.0,19.03
2021,Fred VanVleet,SG,26.0,TOR,52.0,52.0,1899.0,338.0,870.0,0.389,174.0,476.0,0.366,164.0,394.0,0.41600000000000004,0.489,169.0,191.0,0.885,32.0,188.0,220.0,328.0,87.0,37.0,95.0,119.0,1019.0,20.56
2021,Devin Vassell,SF,20.0,SAS,62.0,7.0,1056.0,123.0,303.0,0.406,52.0,150.0,0.34700000000000003,71.0,153.0,0.46399999999999997,0.49200000000000005,43.0,51.0,0.843,24.0,150.0,174.0,56.0,43.0,18.0,22.0,88.0,341.0,12.76
2021,Gabe Vincent,PG,24.0,MIA,50.0,7.0,655.0,88.0,233.0,0.37799999999999995,46.0,149.0,0.309,42.0,84.0,0.5,0.47600000000000003,20.0,23.0,0.87,10.0,46.0,56.0,67.0,21.0,2.0,34.0,79.0,242.0,10.0
2021,Nikola Vučević,C,30.0,TOT,70.0,70.0,2348.0,666.0,1396.0,0.47700000000000004,176.0,440.0,0.4,490.0,956.0,0.513,0.54,131.0,156.0,0.84,146.0,671.0,817.0,269.0,65.0,48.0,126.0,137.0,1639.0,27.47
2021,Dean Wade,PF,24.0,CLE,63.0,19.0,1212.0,134.0,311.0,0.431,78.0,213.0,0.366,56.0,98.0,0.5710000000000001,0.556,30.0,39.0,0.769,38.0,177.0,215.0,74.0,35.0,21.0,30.0,78.0,376.0,13.41
2021,Moritz Wagner,C,23.0,TOT,45.0,24.0,722.0,104.0,229.0,0.45399999999999996,31.0,91.0,0.341,73.0,138.0,0.529,0.522,71.0,87.0,0.816,27.0,119.0,146.0,50.0,26.0,18.0,43.0,108.0,310.0,15.4
2021,Kemba Walker,PG,30.0,BOS,43.0,43.0,1369.0,284.0,676.0,0.42,127.0,353.0,0.36,157.0,323.0,0.486,0.514,134.0,149.0,0.899,16.0,154.0,170.0,212.0,48.0,12.0,88.0,61.0,829.0,21.25
2021,Lonnie Walker,SG,22.0,SAS,60.0,38.0,1522.0,256.0,609.0,0.42,100.0,282.0,0.355,156.0,327.0,0.47700000000000004,0.502,57.0,70.0,0.8140000000000001,14.0,141.0,155.0,101.0,29.0,15.0,65.0,101.0,669.0,12.34
2021,John Wall,PG,30.0,HOU,40.0,40.0,1288.0,293.0,726.0,0.40399999999999997,79.0,249.0,0.317,214.0,477.0,0.449,0.45799999999999996,158.0,211.0,0.7490000000000001,17.0,112.0,129.0,275.0,42.0,31.0,141.0,46.0,823.0,19.85
2021,Brad Wanamaker,PG,31.0,TOT,61.0,0.0,1053.0,115.0,299.0,0.385,16.0,85.0,0.188,99.0,214.0,0.46299999999999997,0.41100000000000003,90.0,101.0,0.8909999999999999,18.0,87.0,105.0,174.0,43.0,11.0,71.0,94.0,336.0,12.17
2021,P.J. Washington,PF,22.0,CHO,64.0,61.0,1954.0,302.0,686.0,0.44,112.0,290.0,0.386,190.0,396.0,0.48,0.522,108.0,145.0,0.745,93.0,325.0,418.0,161.0,69.0,79.0,128.0,171.0,824.0,16.37
2021,Yuta Watanabe,SF,26.0,TOR,50.0,4.0,723.0,79.0,180.0,0.439,36.0,90.0,0.4,43.0,90.0,0.478,0.539,24.0,29.0,0.828,36.0,123.0,159.0,40.0,26.0,19.0,19.0,57.0,218.0,14.48
2021,Tremont Waters,PG,23.0,BOS,26.0,3.0,238.0,34.0,84.0,0.405,15.0,38.0,0.395,19.0,46.0,0.413,0.494,16.0,17.0,0.941,5.0,16.0,21.0,62.0,15.0,1.0,27.0,17.0,99.0,17.43
2021,Paul Watson,SF,26.0,TOR,27.0,2.0,297.0,38.0,82.0,0.46299999999999997,30.0,64.0,0.469,8.0,18.0,0.444,0.6459999999999999,5.0,8.0,0.625,4.0,41.0,45.0,17.0,6.0,3.0,9.0,36.0,111.0,13.31
2021,Quinndary Weatherspoon,SG,24.0,SAS,20.0,0.0,121.0,16.0,35.0,0.457,1.0,6.0,0.16699999999999998,15.0,29.0,0.517,0.47100000000000003,13.0,16.0,0.813,3.0,8.0,11.0,8.0,8.0,2.0,10.0,18.0,46.0,11.61
2021,Russell Westbrook,PG,32.0,WAS,65.0,65.0,2369.0,544.0,1238.0,0.439,86.0,273.0,0.315,458.0,965.0,0.475,0.474,271.0,413.0,0.6559999999999999,109.0,641.0,750.0,763.0,89.0,23.0,312.0,190.0,1445.0,25.16
2021,Coby White,PG,20.0,CHI,69.0,54.0,2156.0,375.0,902.0,0.41600000000000004,163.0,454.0,0.359,212.0,448.0,0.473,0.506,128.0,142.0,0.9009999999999999,28.0,256.0,284.0,328.0,38.0,15.0,156.0,179.0,1041.0,15.35
2021,Derrick White,SG,26.0,SAS,36.0,32.0,1064.0,186.0,453.0,0.41100000000000003,84.0,243.0,0.34600000000000003,102.0,210.0,0.486,0.503,97.0,114.0,0.851,13.0,94.0,107.0,127.0,26.0,36.0,45.0,91.0,553.0,18.03
2021,Hassan Whiteside,C,31.0,SAC,36.0,4.0,546.0,126.0,224.0,0.563,0.0,1.0,0.0,126.0,223.0,0.565,0.563,41.0,79.0,0.519,61.0,154.0,215.0,20.0,9.0,46.0,40.0,73.0,293.0,22.65
2021,Andrew Wiggins,PF,25.0,GSW,71.0,71.0,2364.0,505.0,1058.0,0.47700000000000004,140.0,368.0,0.38,365.0,690.0,0.529,0.5429999999999999,170.0,238.0,0.7140000000000001,82.0,265.0,347.0,167.0,67.0,70.0,126.0,159.0,1320.0,19.16
2021,Grant Williams,PF,22.0,BOS,63.0,9.0,1138.0,108.0,247.0,0.43700000000000006,48.0,129.0,0.37200000000000005,60.0,118.0,0.508,0.534,30.0,51.0,0.588,48.0,130.0,178.0,64.0,32.0,24.0,56.0,161.0,294.0,8.96
2021,Kenrich Williams,PF,26.0,OKC,66.0,13.0,1426.0,219.0,411.0,0.5329999999999999,52.0,117.0,0.444,167.0,294.0,0.568,0.596,36.0,63.0,0.5710000000000001,84.0,189.0,273.0,152.0,55.0,17.0,76.0,143.0,526.0,16.51
2021,Lou Williams,PG,34.0,TOT,66.0,4.0,1423.0,265.0,646.0,0.41,69.0,173.0,0.39899999999999997,196.0,473.0,0.414,0.46399999999999997,150.0,173.0,0.867,21.0,117.0,138.0,225.0,47.0,6.0,108.0,62.0,749.0,17.01
2021,Patrick Williams,PF,19.0,CHI,71.0,71.0,1983.0,255.0,528.0,0.483,54.0,138.0,0.391,201.0,390.0,0.515,0.534,91.0,125.0,0.728,66.0,261.0,327.0,99.0,64.0,46.0,98.0,126.0,655.0,12.73
2021,Robert Williams,C,23.0,BOS,52.0,13.0,985.0,186.0,258.0,0.721,0.0,2.0,0.0,186.0,256.0,0.727,0.721,45.0,73.0,0.616,133.0,225.0,358.0,94.0,43.0,91.0,52.0,105.0,417.0,28.18
2021,Zion Williamson,PF,20.0,NOP,61.0,61.0,2026.0,634.0,1037.0,0.611,10.0,34.0,0.294,624.0,1003.0,0.622,0.616,369.0,529.0,0.698,167.0,274.0,441.0,226.0,57.0,39.0,167.0,135.0,1647.0,32.06
2021,D.J. Wilson,PF,24.0,TOT,35.0,1.0,433.0,68.0,168.0,0.405,30.0,87.0,0.345,38.0,81.0,0.469,0.494,17.0,25.0,0.68,20.0,92.0,112.0,23.0,11.0,16.0,22.0,44.0,183.0,14.61
2021,Dylan Windler,SF,24.0,CLE,31.0,0.0,513.0,57.0,130.0,0.43799999999999994,26.0,77.0,0.33799999999999997,31.0,53.0,0.585,0.5379999999999999,21.0,27.0,0.778,20.0,87.0,107.0,33.0,19.0,12.0,32.0,37.0,161.0,12.84
2021,Justise Winslow,SF,24.0,MEM,26.0,1.0,507.0,74.0,210.0,0.35200000000000004,10.0,54.0,0.185,64.0,156.0,0.41,0.376,20.0,35.0,0.5710000000000001,18.0,100.0,118.0,50.0,15.0,12.0,37.0,47.0,178.0,9.01
2021,Cassius Winston,PG,22.0,WAS,22.0,0.0,98.0,14.0,33.0,0.424,8.0,17.0,0.47100000000000003,6.0,16.0,0.375,0.545,5.0,6.0,0.833,0.0,9.0,9.0,12.0,2.0,1.0,5.0,8.0,41.0,14.03
2021,James Wiseman,C,19.0,GSW,39.0,27.0,836.0,191.0,368.0,0.519,12.0,38.0,0.316,179.0,330.0,0.542,0.535,54.0,86.0,0.628,55.0,171.0,226.0,26.0,11.0,36.0,60.0,121.0,448.0,17.04
2021,Christian Wood,C,25.0,HOU,41.0,41.0,1326.0,329.0,640.0,0.514,77.0,206.0,0.374,252.0,434.0,0.581,0.574,125.0,198.0,0.631,76.0,319.0,395.0,71.0,34.0,48.0,80.0,88.0,860.0,24.49
2021,Delon Wright,SG-PG,28.0,TOT,63.0,39.0,1748.0,240.0,518.0,0.46299999999999997,64.0,172.0,0.37200000000000005,176.0,346.0,0.509,0.525,101.0,126.0,0.802,65.0,204.0,269.0,278.0,101.0,30.0,83.0,75.0,645.0,19.06
2021,Thaddeus Young,PF,32.0,CHI,68.0,23.0,1652.0,370.0,662.0,0.5589999999999999,12.0,45.0,0.267,358.0,617.0,0.58,0.568,71.0,113.0,0.628,168.0,255.0,423.0,291.0,74.0,40.0,137.0,152.0,823.0,23.87
2021,Trae Young,PG,22.0,ATL,63.0,63.0,2125.0,487.0,1112.0,0.43799999999999994,136.0,397.0,0.34299999999999997,351.0,715.0,0.491,0.499,484.0,546.0,0.8859999999999999,38.0,207.0,245.0,594.0,53.0,12.0,261.0,111.0,1594.0,27.43
2021,Cody Zeller,C,28.0,CHO,48.0,21.0,1005.0,181.0,324.0,0.5589999999999999,4.0,28.0,0.14300000000000002,177.0,296.0,0.598,0.565,85.0,119.0,0.7140000000000001,119.0,209.0,328.0,86.0,27.0,17.0,51.0,121.0,451.0,21.36
2021,Ivica Zubac,C,23.0,LAC,72.0,33.0,1609.0,257.0,394.0,0.652,1.0,4.0,0.25,256.0,390.0,0.6559999999999999,0.654,135.0,171.0,0.789,189.0,330.0,519.0,90.0,24.0,62.0,81.0,187.0,650.0,21.06
